Workbook

Sheet Panell_de_control
A1: PANELL DE CONTROL · OBSERVACIONS MP12 2026-27
A2: =TEXT(TODAY(),"DD/MM/YYYY") -> 27/06/2026 | G2: Setmanes des de l'inici del mòdul: | H2: =IFERROR(MAX(0,ROUND((MIN(TODAY(),Calendari!$C$6)-Calendari!$B$2)/7,1)),0) -> 0
A4: RESUM PER GRUP
A5: Grup | B5: Observacions totals | C5: Obs. / setmana | D5: Alumnes registrats | E5: Alumnes sense obs. | F5: % amb saldo positiu | G5: % amb saldo negatiu | H5: Alumnes total
A6: Grup A | B6: =MAX(0,COUNTA(SMIX2AT!$A:$A)-1) -> 0 | C6: =IFERROR(B6/$H$2,0) -> 0 | D6: =COUNTIF(Alumnes_A!$B$3:$B$40,"<>") -> 0 | E6: =COUNTIFS(Alumnes_A!$O$3:$O$40,0,Alumnes_A!$B$3:$B$40,"<>") -> 0 | F6: =IFERROR(COUNTIFS(Alumnes_A!$N$3:$N$40,">"&0,Alumnes_A!$B$3:$B$40,"<>")/COUNTIF(Alumnes_A!$B$3:$B$40,"<>"),0) -> 0 | G6: =IFERROR(COUNTIFS(Alumnes_A!$N$3:$N$40,"<"&0,Alumnes_A!$B$3:$B$40,"<>")/COUNTIF(Alumnes_A!$B$3:$B$40,"<>"),0) -> 0 | H6: =COUNTA(Alumnes_A!$A$3:$A$40) -> 22
A7: Grup B | B7: =MAX(0,COUNTA(SMIX2BT!$A:$A)-1) -> 0 | C7: =IFERROR(B7/$H$2,0) -> 0 | D7: =COUNTIF(Alumnes_B!$B$3:$B$40,"<>") -> 0 | E7: =COUNTIFS(Alumnes_B!$O$3:$O$40,0,Alumnes_B!$B$3:$B$40,"<>") -> 0 | F7: =IFERROR(COUNTIFS(Alumnes_B!$N$3:$N$40,">"&0,Alumnes_B!$B$3:$B$40,"<>")/COUNTIF(Alumnes_B!$B$3:$B$40,"<>"),0) -> 0 | G7: =IFERROR(COUNTIFS(Alumnes_B!$N$3:$N$40,"<"&0,Alumnes_B!$B$3:$B$40,"<>")/COUNTIF(Alumnes_B!$B$3:$B$40,"<>"),0) -> 0 | H7: =COUNTA(Alumnes_B!$A$3:$A$40) -> 23
A8: Grup C | B8: =MAX(0,COUNTA(SMIX2CT!$A:$A)-1) -> 31 | C8: =IFERROR(B8/$H$2,0) -> 0 | D8: =COUNTIF(Alumnes_C!$B$3:$B$40,"<>") -> 17 | E8: =COUNTIFS(Alumnes_C!$O$3:$O$40,0,Alumnes_C!$B$3:$B$40,"<>") -> 17 | F8: =IFERROR(COUNTIFS(Alumnes_C!$N$3:$N$40,">"&0,Alumnes_C!$B$3:$B$40,"<>")/COUNTIF(Alumnes_C!$B$3:$B$40,"<>"),0) -> 0.41176471 | G8: =IFERROR(COUNTIFS(Alumnes_C!$N$3:$N$40,"<"&0,Alumnes_C!$B$3:$B$40,"<>")/COUNTIF(Alumnes_C!$B$3:$B$40,"<>"),0) -> 0.52941176 | H8: =COUNTA(Alumnes_C!$A$3:$A$40) -> 23
A9: Grup D | B9: =MAX(0,COUNTA(SMIX2DT!$A:$A)-1) -> 19 | C9: =IFERROR(B9/$H$2,0) -> 0 | D9: =COUNTIF(Alumnes_D!$B$3:$B$40,"<>") -> 13 | E9: =COUNTIFS(Alumnes_D!$O$3:$O$40,0,Alumnes_D!$B$3:$B$40,"<>") -> 13 | F9: =IFERROR(COUNTIFS(Alumnes_D!$N$3:$N$40,">"&0,Alumnes_D!$B$3:$B$40,"<>")/COUNTIF(Alumnes_D!$B$3:$B$40,"<>"),0) -> 0.61538462 | G9: =IFERROR(COUNTIFS(Alumnes_D!$N$3:$N$40,"<"&0,Alumnes_D!$B$3:$B$40,"<>")/COUNTIF(Alumnes_D!$B$3:$B$40,"<>"),0) -> 0.23076923 | H9: =COUNTA(Alumnes_D!$A$3:$A$40) -> 21
A10: TOTAL MÒDUL | B10: =B6+B7+B8+B9 -> 50 | C10: =IFERROR(B10/$H$2,0) -> 0 | D10: =D6+D7+D8+D9 -> 30
A12: PROFESSORS
A13: Introduïu el nom de cada professor exactament com apareix al formulari:
A14: Professor | B14: Observ. totals | C14: Grup A | D14: Grup B | E14: Grup C | F14: Grup D
A15: Pere Arnau | B15: =IF(A15="",0,C15+D15+E15+F15) -> 26 | C15: =IF(A15="",0,COUNTIF(SMIX2AT!$C:$C,A15)) -> 0 | D15: =IF(A15="",0,COUNTIF(SMIX2BT!$C:$C,A15)) -> 0 | E15: =IF(A15="",0,COUNTIF(SMIX2CT!$C:$C,A15)) -> 12 | F15: =IF(A15="",0,COUNTIF(SMIX2DT!$C:$C,A15)) -> 14
A16: Roger Ferrándiz | B16: =IF(A16="",0,C16+D16+E16+F16) -> 19 | C16: =IF(A16="",0,COUNTIF(SMIX2AT!$C:$C,A16)) -> 0 | D16: =IF(A16="",0,COUNTIF(SMIX2BT!$C:$C,A16)) -> 0 | E16: =IF(A16="",0,COUNTIF(SMIX2CT!$C:$C,A16)) -> 19 | F16: =IF(A16="",0,COUNTIF(SMIX2DT!$C:$C,A16)) -> 0
A17: Joan Botella | B17: =IF(A17="",0,C17+D17+E17+F17) -> 5 | C17: =IF(A17="",0,COUNTIF(SMIX2AT!$C:$C,A17)) -> 0 | D17: =IF(A17="",0,COUNTIF(SMIX2BT!$C:$C,A17)) -> 0 | E17: =IF(A17="",0,COUNTIF(SMIX2CT!$C:$C,A17)) -> 0 | F17: =IF(A17="",0,COUNTIF(SMIX2DT!$C:$C,A17)) -> 5
B18: =IF(A18="",0,C18+D18+E18+F18) -> 0 | C18: =IF(A18="",0,COUNTIF(SMIX2AT!$C:$C,A18)) -> 0 | D18: =IF(A18="",0,COUNTIF(SMIX2BT!$C:$C,A18)) -> 0 | E18: =IF(A18="",0,COUNTIF(SMIX2CT!$C:$C,A18)) -> 0 | F18: =IF(A18="",0,COUNTIF(SMIX2DT!$C:$C,A18)) -> 0
B19: =IF(A19="",0,C19+D19+E19+F19) -> 0 | C19: =IF(A19="",0,COUNTIF(SMIX2AT!$C:$C,A19)) -> 0 | D19: =IF(A19="",0,COUNTIF(SMIX2BT!$C:$C,A19)) -> 0 | E19: =IF(A19="",0,COUNTIF(SMIX2CT!$C:$C,A19)) -> 0 | F19: =IF(A19="",0,COUNTIF(SMIX2DT!$C:$C,A19)) -> 0
B20: =IF(A20="",0,C20+D20+E20+F20) -> 0 | C20: =IF(A20="",0,COUNTIF(SMIX2AT!$C:$C,A20)) -> 0 | D20: =IF(A20="",0,COUNTIF(SMIX2BT!$C:$C,A20)) -> 0 | E20: =IF(A20="",0,COUNTIF(SMIX2CT!$C:$C,A20)) -> 0 | F20: =IF(A20="",0,COUNTIF(SMIX2DT!$C:$C,A20)) -> 0
A21: Professor amb MÉS observacions: | D21: =IFERROR(INDEX(A15:A20,MATCH(MAX(B15:B20),B15:B20,0))&" ("&MAX(B15:B20)&" obs.)","—") -> Pere Arnau (26 obs.)
A22: Professor amb MENYS observacions: | D22: =IFERROR(INDEX(A15:A20,MATCH(minifs(B15:B20,B15:B20,">"&0),B15:B20,0))&" ("&minifs(B15:B20,B15:B20,">"&0)&" obs.)","—") -> —
A24: TOP 3 ALUMNES PER GRUP (basat en la puntuació neta acumulada)
A25: Grup | B25: # | C25: 🏆 Positiu #1 | D25: Punt. neta | E25: ⚠️ Negatiu #1 | F25: Punt. neta
A26: Grup A | B26: 1 | C26: =IFERROR(IF(LARGE(Alumnes_A!$N$3:$N$40,1)>0,INDEX(Alumnes_A!$A$3:$A$40,MATCH(LARGE(Alumnes_A!$N$3:$N$40,1),Alumnes_A!$N$3:$N$40,0)),"—"),"—") -> — | D26: =IFERROR(IF(LARGE(Alumnes_A!$N$3:$N$40,1)>0,LARGE(Alumnes_A!$N$3:$N$40,1),"—"),"—") -> — | E26: =IFERROR(IF(SMALL(Alumnes_A!$N$3:$N$40,1)<0,INDEX(Alumnes_A!$A$3:$A$40,MATCH(SMALL(Alumnes_A!$N$3:$N$40,1),Alumnes_A!$N$3:$N$40,0)),"—"),"—") -> — | F26: =IFERROR(IF(SMALL(Alumnes_A!$N$3:$N$40,1)<0,SMALL(Alumnes_A!$N$3:$N$40,1),"—"),"—") -> —
B27: 2 | C27: =IFERROR(IF(LARGE(Alumnes_A!$N$3:$N$40,2)>0,INDEX(Alumnes_A!$A$3:$A$40,MATCH(LARGE(Alumnes_A!$N$3:$N$40,2),Alumnes_A!$N$3:$N$40,0)),"—"),"—") -> — | D27: =IFERROR(IF(LARGE(Alumnes_A!$N$3:$N$40,2)>0,LARGE(Alumnes_A!$N$3:$N$40,2),"—"),"—") -> — | E27: =IFERROR(IF(SMALL(Alumnes_A!$N$3:$N$40,2)<0,INDEX(Alumnes_A!$A$3:$A$40,MATCH(SMALL(Alumnes_A!$N$3:$N$40,2),Alumnes_A!$N$3:$N$40,0)),"—"),"—") -> — | F27: =IFERROR(IF(SMALL(Alumnes_A!$N$3:$N$40,2)<0,SMALL(Alumnes_A!$N$3:$N$40,2),"—"),"—") -> —
B28: 3 | C28: =IFERROR(IF(LARGE(Alumnes_A!$N$3:$N$40,3)>0,INDEX(Alumnes_A!$A$3:$A$40,MATCH(LARGE(Alumnes_A!$N$3:$N$40,3),Alumnes_A!$N$3:$N$40,0)),"—"),"—") -> — | D28: =IFERROR(IF(LARGE(Alumnes_A!$N$3:$N$40,3)>0,LARGE(Alumnes_A!$N$3:$N$40,3),"—"),"—") -> — | E28: =IFERROR(IF(SMALL(Alumnes_A!$N$3:$N$40,3)<0,INDEX(Alumnes_A!$A$3:$A$40,MATCH(SMALL(Alumnes_A!$N$3:$N$40,3),Alumnes_A!$N$3:$N$40,0)),"—"),"—") -> — | F28: =IFERROR(IF(SMALL(Alumnes_A!$N$3:$N$40,3)<0,SMALL(Alumnes_A!$N$3:$N$40,3),"—"),"—") -> —
A29: Grup B | B29: 1 | C29: =IFERROR(IF(LARGE(Alumnes_B!$N$3:$N$40,1)>0,INDEX(Alumnes_B!$A$3:$A$40,MATCH(LARGE(Alumnes_B!$N$3:$N$40,1),Alumnes_B!$N$3:$N$40,0)),"—"),"—") -> — | D29: =IFERROR(IF(LARGE(Alumnes_B!$N$3:$N$40,1)>0,LARGE(Alumnes_B!$N$3:$N$40,1),"—"),"—") -> — | E29: =IFERROR(IF(SMALL(Alumnes_B!$N$3:$N$40,1)<0,INDEX(Alumnes_B!$A$3:$A$40,MATCH(SMALL(Alumnes_B!$N$3:$N$40,1),Alumnes_B!$N$3:$N$40,0)),"—"),"—") -> — | F29: =IFERROR(IF(SMALL(Alumnes_B!$N$3:$N$40,1)<0,SMALL(Alumnes_B!$N$3:$N$40,1),"—"),"—") -> —
B30: 2 | C30: =IFERROR(IF(LARGE(Alumnes_B!$N$3:$N$40,2)>0,INDEX(Alumnes_B!$A$3:$A$40,MATCH(LARGE(Alumnes_B!$N$3:$N$40,2),Alumnes_B!$N$3:$N$40,0)),"—"),"—") -> — | D30: =IFERROR(IF(LARGE(Alumnes_B!$N$3:$N$40,2)>0,LARGE(Alumnes_B!$N$3:$N$40,2),"—"),"—") -> — | E30: =IFERROR(IF(SMALL(Alumnes_B!$N$3:$N$40,2)<0,INDEX(Alumnes_B!$A$3:$A$40,MATCH(SMALL(Alumnes_B!$N$3:$N$40,2),Alumnes_B!$N$3:$N$40,0)),"—"),"—") -> — | F30: =IFERROR(IF(SMALL(Alumnes_B!$N$3:$N$40,2)<0,SMALL(Alumnes_B!$N$3:$N$40,2),"—"),"—") -> —
B31: 3 | C31: =IFERROR(IF(LARGE(Alumnes_B!$N$3:$N$40,3)>0,INDEX(Alumnes_B!$A$3:$A$40,MATCH(LARGE(Alumnes_B!$N$3:$N$40,3),Alumnes_B!$N$3:$N$40,0)),"—"),"—") -> — | D31: =IFERROR(IF(LARGE(Alumnes_B!$N$3:$N$40,3)>0,LARGE(Alumnes_B!$N$3:$N$40,3),"—"),"—") -> — | E31: =IFERROR(IF(SMALL(Alumnes_B!$N$3:$N$40,3)<0,INDEX(Alumnes_B!$A$3:$A$40,MATCH(SMALL(Alumnes_B!$N$3:$N$40,3),Alumnes_B!$N$3:$N$40,0)),"—"),"—") -> — | F31: =IFERROR(IF(SMALL(Alumnes_B!$N$3:$N$40,3)<0,SMALL(Alumnes_B!$N$3:$N$40,3),"—"),"—") -> —
A32: Grup C | B32: 1 | C32: =IFERROR(IF(LARGE(Alumnes_C!$N$3:$N$40,1)>0,INDEX(Alumnes_C!$A$3:$A$40,MATCH(LARGE(Alumnes_C!$N$3:$N$40,1),Alumnes_C!$N$3:$N$40,0)),"—"),"—") -> Alexis Martínez Vaca | D32: =IFERROR(IF(LARGE(Alumnes_C!$N$3:$N$40,1)>0,LARGE(Alumnes_C!$N$3:$N$40,1),"—"),"—") -> 4 | E32: =IFERROR(IF(SMALL(Alumnes_C!$N$3:$N$40,1)<0,INDEX(Alumnes_C!$A$3:$A$40,MATCH(SMALL(Alumnes_C!$N$3:$N$40,1),Alumnes_C!$N$3:$N$40,0)),"—"),"—") -> Izan Malagón Martinez | F32: =IFERROR(IF(SMALL(Alumnes_C!$N$3:$N$40,1)<0,SMALL(Alumnes_C!$N$3:$N$40,1),"—"),"—") -> -2
B33: 2 | C33: =IFERROR(IF(LARGE(Alumnes_C!$N$3:$N$40,2)>0,INDEX(Alumnes_C!$A$3:$A$40,MATCH(LARGE(Alumnes_C!$N$3:$N$40,2),Alumnes_C!$N$3:$N$40,0)),"—"),"—") -> Albert Gálvez García | D33: =IFERROR(IF(LARGE(Alumnes_C!$N$3:$N$40,2)>0,LARGE(Alumnes_C!$N$3:$N$40,2),"—"),"—") -> 3 | E33: =IFERROR(IF(SMALL(Alumnes_C!$N$3:$N$40,2)<0,INDEX(Alumnes_C!$A$3:$A$40,MATCH(SMALL(Alumnes_C!$N$3:$N$40,2),Alumnes_C!$N$3:$N$40,0)),"—"),"—") -> Izan Malagón Martinez | F33: =IFERROR(IF(SMALL(Alumnes_C!$N$3:$N$40,2)<0,SMALL(Alumnes_C!$N$3:$N$40,2),"—"),"—") -> -2
B34: 3 | C34: =IFERROR(IF(LARGE(Alumnes_C!$N$3:$N$40,3)>0,INDEX(Alumnes_C!$A$3:$A$40,MATCH(LARGE(Alumnes_C!$N$3:$N$40,3),Alumnes_C!$N$3:$N$40,0)),"—"),"—") -> Aitor Fernández Bernabé | D34: =IFERROR(IF(LARGE(Alumnes_C!$N$3:$N$40,3)>0,LARGE(Alumnes_C!$N$3:$N$40,3),"—"),"—") -> 2 | E34: =IFERROR(IF(SMALL(Alumnes_C!$N$3:$N$40,3)<0,INDEX(Alumnes_C!$A$3:$A$40,MATCH(SMALL(Alumnes_C!$N$3:$N$40,3),Alumnes_C!$N$3:$N$40,0)),"—"),"—") -> Oussama El Idrissi | F34: =IFERROR(IF(SMALL(Alumnes_C!$N$3:$N$40,3)<0,SMALL(Alumnes_C!$N$3:$N$40,3),"—"),"—") -> -1
A35: Grup D | B35: 1 | C35: =IFERROR(IF(LARGE(Alumnes_D!$N$3:$N$40,1)>0,INDEX(Alumnes_D!$A$3:$A$40,MATCH(LARGE(Alumnes_D!$N$3:$N$40,1),Alumnes_D!$N$3:$N$40,0)),"—"),"—") -> Ibai Aroca Hinojo | D35: =IFERROR(IF(LARGE(Alumnes_D!$N$3:$N$40,1)>0,LARGE(Alumnes_D!$N$3:$N$40,1),"—"),"—") -> 3 | E35: =IFERROR(IF(SMALL(Alumnes_D!$N$3:$N$40,1)<0,INDEX(Alumnes_D!$A$3:$A$40,MATCH(SMALL(Alumnes_D!$N$3:$N$40,1),Alumnes_D!$N$3:$N$40,0)),"—"),"—") -> Aleix Morante Polo | F35: =IFERROR(IF(SMALL(Alumnes_D!$N$3:$N$40,1)<0,SMALL(Alumnes_D!$N$3:$N$40,1),"—"),"—") -> -3
B36: 2 | C36: =IFERROR(IF(LARGE(Alumnes_D!$N$3:$N$40,2)>0,INDEX(Alumnes_D!$A$3:$A$40,MATCH(LARGE(Alumnes_D!$N$3:$N$40,2),Alumnes_D!$N$3:$N$40,0)),"—"),"—") -> Ibai Aroca Hinojo | D36: =IFERROR(IF(LARGE(Alumnes_D!$N$3:$N$40,2)>0,LARGE(Alumnes_D!$N$3:$N$40,2),"—"),"—") -> 3 | E36: =IFERROR(IF(SMALL(Alumnes_D!$N$3:$N$40,2)<0,INDEX(Alumnes_D!$A$3:$A$40,MATCH(SMALL(Alumnes_D!$N$3:$N$40,2),Alumnes_D!$N$3:$N$40,0)),"—"),"—") -> Adam Bakal El Abbassi | F36: =IFERROR(IF(SMALL(Alumnes_D!$N$3:$N$40,2)<0,SMALL(Alumnes_D!$N$3:$N$40,2),"—"),"—") -> -2
B37: 3 | C37: =IFERROR(IF(LARGE(Alumnes_D!$N$3:$N$40,3)>0,INDEX(Alumnes_D!$A$3:$A$40,MATCH(LARGE(Alumnes_D!$N$3:$N$40,3),Alumnes_D!$N$3:$N$40,0)),"—"),"—") -> Raúl Pérez Barba | D37: =IFERROR(IF(LARGE(Alumnes_D!$N$3:$N$40,3)>0,LARGE(Alumnes_D!$N$3:$N$40,3),"—"),"—") -> 2 | E37: =IFERROR(IF(SMALL(Alumnes_D!$N$3:$N$40,3)<0,INDEX(Alumnes_D!$A$3:$A$40,MATCH(SMALL(Alumnes_D!$N$3:$N$40,3),Alumnes_D!$N$3:$N$40,0)),"—"),"—") -> Unai Zarzuelo Bernardino | F37: =IFERROR(IF(SMALL(Alumnes_D!$N$3:$N$40,3)<0,SMALL(Alumnes_D!$N$3:$N$40,3),"—"),"—") -> -1
A39: INDICADORS ADDICIONALS
A40: Valoració mitjana per observació (tot el mòdul) | F40: =IFERROR((SUMIF(SMIX2AT!$I$2:$I$200,"<>",SMIX2AT!$I$2:$I$200)+SUMIF(SMIX2BT!$I$2:$I$200,"<>",SMIX2BT!$I$2:$I$200)+SUMIF(SMIX2CT!$I$2:$I$200,"<>",SMIX2CT!$I$2:$I$200)+SUMIF(SMIX2DT!$I$2:$I$200,"<>",SMIX2DT!$I$2:$I$200))/(MAX(0,COUNTA(SMIX2AT!$A:$A)-1)+MAX(0,COUNTA(SMIX2BT!$A:$A)-1)+MAX(0,COUNTA(SMIX2CT!$A:$A)-1)+MAX(0,COUNTA(SMIX2DT!$A:$A)-1)),"Sense dades") -> 0.2
A41: Observacions positives (valoració > 0) al mòdul | F41: =COUNTIF(SMIX2AT!$I$2:$I$200,">"&0)+COUNTIF(SMIX2BT!$I$2:$I$200,">"&0)+COUNTIF(SMIX2CT!$I$2:$I$200,">"&0)+COUNTIF(SMIX2DT!$I$2:$I$200,">"&0) -> 19
A42: Observacions negatives (valoració < 0) al mòdul | F42: =COUNTIF(SMIX2AT!$I$2:$I$200,"<"&0)+COUNTIF(SMIX2BT!$I$2:$I$200,"<"&0)+COUNTIF(SMIX2CT!$I$2:$I$200,"<"&0)+COUNTIF(SMIX2DT!$I$2:$I$200,"<"&0) -> 21
A43: Observacions neutres (valoració = 0) al mòdul | F43: =COUNTIF(SMIX2CT!$I$2:$I$200,0)+COUNTIF(SMIX2DT!$I$2:$I$200,0)+COUNTIF(SMIX2AT!$I$2:$I$200,0)+COUNTIF(SMIX2BT!$I$2:$I$200,0) -> 756
A44: Alumnes amb multiplicador final > 1.0 (impacte positiu) | F44: =COUNTIF(Alumnes_A!$N$3:$N$40,">"&0)+COUNTIF(Alumnes_B!$N$3:$N$40,">"&0)+COUNTIF(Alumnes_C!$N$3:$N$40,">"&0)+COUNTIF(Alumnes_D!$N$3:$N$40,">"&0) -> 15
A45: Alumnes amb multiplicador final < 1.0 (impacte negatiu) | F45: =COUNTIF(Alumnes_A!$N$3:$N$40,"<"&0)+COUNTIF(Alumnes_B!$N$3:$N$40,"<"&0)+COUNTIF(Alumnes_C!$N$3:$N$40,"<"&0)+COUNTIF(Alumnes_D!$N$3:$N$40,"<"&0) -> 12
A46: Total alumnes sense cap observació | F46: =COUNTIFS(Alumnes_A!$O$3:$O$40,0,Alumnes_A!$B$3:$B$40,"<>")+COUNTIFS(Alumnes_B!$O$3:$O$40,0,Alumnes_B!$B$3:$B$40,"<>")+COUNTIFS(Alumnes_C!$O$3:$O$40,0,Alumnes_C!$B$3:$B$40,"<>")+COUNTIFS(Alumnes_D!$O$3:$O$40,0,Alumnes_D!$B$3:$B$40,"<>") -> 30
A48: ⚠️ NOTA: Les observacions de SMIX2CT i SMIX2DT fetes abans de l'inici del P1 (14/09/2026) apareixeran com a "Sense projecte" i NO es comptabilitzaran per projecte. Un cop actualitzats els formularis de Google, el camp de projecte vindrà del formulari directament.

Sheet SMIX2AT
A1: Marca de temps | B1: Adreça electrònica | C1: Professor | D1: Alumne | E1: Competència transversal observada | F1: Valoració | G1: Descripció breu del comportament observat | H1: Quin projecte estem fent? | I1: Puntuació
I2: =IF(F2="",0,IFERROR(VALUE(LEFT(TRIM(F2),FIND(" ",TRIM(F2))-1)),0)) -> 0
I3: =IF(F3="",0,IFERROR(VALUE(LEFT(TRIM(F3),FIND(" ",TRIM(F3))-1)),0)) -> 0
I4: =IF(F4="",0,IFERROR(VALUE(LEFT(TRIM(F4),FIND(" ",TRIM(F4))-1)),0)) -> 0
I5: =IF(F5="",0,IFERROR(VALUE(LEFT(TRIM(F5),FIND(" ",TRIM(F5))-1)),0)) -> 0
I6: =IF(F6="",0,IFERROR(VALUE(LEFT(TRIM(F6),FIND(" ",TRIM(F6))-1)),0)) -> 0
I7: =IF(F7="",0,IFERROR(VALUE(LEFT(TRIM(F7),FIND(" ",TRIM(F7))-1)),0)) -> 0
I8: =IF(F8="",0,IFERROR(VALUE(LEFT(TRIM(F8),FIND(" ",TRIM(F8))-1)),0)) -> 0
I9: =IF(F9="",0,IFERROR(VALUE(LEFT(TRIM(F9),FIND(" ",TRIM(F9))-1)),0)) -> 0
I10: =IF(F10="",0,IFERROR(VALUE(LEFT(TRIM(F10),FIND(" ",TRIM(F10))-1)),0)) -> 0
I11: =IF(F11="",0,IFERROR(VALUE(LEFT(TRIM(F11),FIND(" ",TRIM(F11))-1)),0)) -> 0
I12: =IF(F12="",0,IFERROR(VALUE(LEFT(TRIM(F12),FIND(" ",TRIM(F12))-1)),0)) -> 0
I13: =IF(F13="",0,IFERROR(VALUE(LEFT(TRIM(F13),FIND(" ",TRIM(F13))-1)),0)) -> 0
... I200: =IF(F200="",0,IFERROR(VALUE(LEFT(TRIM(F200),FIND(" ",TRIM(F200))-1)),0)) -> 0

Sheet Alumnes_A
A1: SMIX2AT
A2: Nom i cognoms | B2: Cognoms, nom | C2: correu | D2: P1-obs | E2: P1-balanç | F2: P2-obs | G2: P2-balanç | H2: P3-obs | I2: P3-balanç | J2: P4-obs | K2: P4-balanç | L2: P5-obs | M2: P5-balanç | N2: Puntuació neta | O2: Total observacions
A3: Walid Akayour Stitou Tassi | C3: akayour.stitou.tassi.walid@alumnat.copernic.cat | D3: =IF($B3="",0,COUNTIFS(SMIX2AT!$D$2:$D$200,$B3,SMIX2AT!$H$2:$H$200,"P1")) -> 0 | E3: =MAX(0.5,MIN(1.5,1+IF($B3="",0,SUMPRODUCT((SMIX2AT!$D$2:$D$200=$B3)*(SMIX2AT!$H$2:$H$200="P1")*SMIX2AT!$I$2:$I$200*0.01)))) -> 1 | F3: =IF($B3="",0,COUNTIFS(SMIX2AT!$D$2:$D$200,$B3,SMIX2AT!$H$2:$H$200,"P2")) -> 0 | G3: =MAX(0.5,MIN(1.5,1+IF($B3="",0,SUMPRODUCT((SMIX2AT!$D$2:$D$200=$B3)*(SMIX2AT!$H$2:$H$200="P2")*SMIX2AT!$I$2:$I$200*0.01)))) -> 1 | H3: =IF($B3="",0,COUNTIFS(SMIX2AT!$D$2:$D$200,$B3,SMIX2AT!$H$2:$H$200,"P3")) -> 0 | I3: =MAX(0.5,MIN(1.5,1+IF($B3="",0,SUMPRODUCT((SMIX2AT!$D$2:$D$200=$B3)*(SMIX2AT!$H$2:$H$200="P3")*SMIX2AT!$I$2:$I$200*0.01)))) -> 1 | J3: =IF($B3="",0,COUNTIFS(SMIX2AT!$D$2:$D$200,$B3,SMIX2AT!$H$2:$H$200,"P4")) -> 0 | K3: =MAX(0.5,MIN(1.5,1+IF($B3="",0,SUMPRODUCT((SMIX2AT!$D$2:$D$200=$B3)*(SMIX2AT!$H$2:$H$200="P4")*SMIX2AT!$I$2:$I$200*0.01)))) -> 1 | L3: =IF($B3="",0,COUNTIFS(SMIX2AT!$D$2:$D$200,$B3,SMIX2AT!$H$2:$H$200,"P5")) -> 0 | M3: =MAX(0.5,MIN(1.5,1+IF($B3="",0,SUMPRODUCT((SMIX2AT!$D$2:$D$200=$B3)*(SMIX2AT!$H$2:$H$200="P5")*SMIX2AT!$I$2:$I$200*0.01)))) -> 1 | N3: =IF($B3="",0,IFERROR(SUMPRODUCT((SMIX2AT!$D$2:$D$200=$B3)*SMIX2AT!$I$2:$I$200),0)) -> 0 | O3: =D3+F3+H3+J3+L3 -> 0
A4: Ariadna Barros Picazo | C4: abarros@alumnat.copernic.cat | D4: =IF($B4="",0,COUNTIFS(SMIX2AT!$D$2:$D$200,$B4,SMIX2AT!$H$2:$H$200,"P1")) -> 0 | E4: =MAX(0.5,MIN(1.5,1+IF($B4="",0,SUMPRODUCT((SMIX2AT!$D$2:$D$200=$B4)*(SMIX2AT!$H$2:$H$200="P1")*SMIX2AT!$I$2:$I$200*0.01)))) -> 1 | F4: =IF($B4="",0,COUNTIFS(SMIX2AT!$D$2:$D$200,$B4,SMIX2AT!$H$2:$H$200,"P2")) -> 0 | G4: =MAX(0.5,MIN(1.5,1+IF($B4="",0,SUMPRODUCT((SMIX2AT!$D$2:$D$200=$B4)*(SMIX2AT!$H$2:$H$200="P2")*SMIX2AT!$I$2:$I$200*0.01)))) -> 1 | H4: =IF($B4="",0,COUNTIFS(SMIX2AT!$D$2:$D$200,$B4,SMIX2AT!$H$2:$H$200,"P3")) -> 0 | I4: =MAX(0.5,MIN(1.5,1+IF($B4="",0,SUMPRODUCT((SMIX2AT!$D$2:$D$200=$B4)*(SMIX2AT!$H$2:$H$200="P3")*SMIX2AT!$I$2:$I$200*0.01)))) -> 1 | J4: =IF($B4="",0,COUNTIFS(SMIX2AT!$D$2:$D$200,$B4,SMIX2AT!$H$2:$H$200,"P4")) -> 0 | K4: =MAX(0.5,MIN(1.5,1+IF($B4="",0,SUMPRODUCT((SMIX2AT!$D$2:$D$200=$B4)*(SMIX2AT!$H$2:$H$200="P4")*SMIX2AT!$I$2:$I$200*0.01)))) -> 1 | L4: =IF($B4="",0,COUNTIFS(SMIX2AT!$D$2:$D$200,$B4,SMIX2AT!$H$2:$H$200,"P5")) -> 0 | M4: =MAX(0.5,MIN(1.5,1+IF($B4="",0,SUMPRODUCT((SMIX2AT!$D$2:$D$200=$B4)*(SMIX2AT!$H$2:$H$200="P5")*SMIX2AT!$I$2:$I$200*0.01)))) -> 1 | N4: =IF($B4="",0,IFERROR(SUMPRODUCT((SMIX2AT!$D$2:$D$200=$B4)*SMIX2AT!$I$2:$I$200),0)) -> 0 | O4: =D4+F4+H4+J4+L4 -> 0
A5: Adrián Cañero García | C5: acanero@alumnat.copernic.cat | D5: =IF($B5="",0,COUNTIFS(SMIX2AT!$D$2:$D$200,$B5,SMIX2AT!$H$2:$H$200,"P1")) -> 0 | E5: =MAX(0.5,MIN(1.5,1+IF($B5="",0,SUMPRODUCT((SMIX2AT!$D$2:$D$200=$B5)*(SMIX2AT!$H$2:$H$200="P1")*SMIX2AT!$I$2:$I$200*0.01)))) -> 1 | F5: =IF($B5="",0,COUNTIFS(SMIX2AT!$D$2:$D$200,$B5,SMIX2AT!$H$2:$H$200,"P2")) -> 0 | G5: =MAX(0.5,MIN(1.5,1+IF($B5="",0,SUMPRODUCT((SMIX2AT!$D$2:$D$200=$B5)*(SMIX2AT!$H$2:$H$200="P2")*SMIX2AT!$I$2:$I$200*0.01)))) -> 1 | H5: =IF($B5="",0,COUNTIFS(SMIX2AT!$D$2:$D$200,$B5,SMIX2AT!$H$2:$H$200,"P3")) -> 0 | I5: =MAX(0.5,MIN(1.5,1+IF($B5="",0,SUMPRODUCT((SMIX2AT!$D$2:$D$200=$B5)*(SMIX2AT!$H$2:$H$200="P3")*SMIX2AT!$I$2:$I$200*0.01)))) -> 1 | J5: =IF($B5="",0,COUNTIFS(SMIX2AT!$D$2:$D$200,$B5,SMIX2AT!$H$2:$H$200,"P4")) -> 0 | K5: =MAX(0.5,MIN(1.5,1+IF($B5="",0,SUMPRODUCT((SMIX2AT!$D$2:$D$200=$B5)*(SMIX2AT!$H$2:$H$200="P4")*SMIX2AT!$I$2:$I$200*0.01)))) -> 1 | L5: =IF($B5="",0,COUNTIFS(SMIX2AT!$D$2:$D$200,$B5,SMIX2AT!$H$2:$H$200,"P5")) -> 0 | M5: =MAX(0.5,MIN(1.5,1+IF($B5="",0,SUMPRODUCT((SMIX2AT!$D$2:$D$200=$B5)*(SMIX2AT!$H$2:$H$200="P5")*SMIX2AT!$I$2:$I$200*0.01)))) -> 1 | N5: =IF($B5="",0,IFERROR(SUMPRODUCT((SMIX2AT!$D$2:$D$200=$B5)*SMIX2AT!$I$2:$I$200),0)) -> 0 | O5: =D5+F5+H5+J5+L5 -> 0
A6: Izan Cantero Perez | C6: icantero@alumnat.copernic.cat | D6: =IF($B6="",0,COUNTIFS(SMIX2AT!$D$2:$D$200,$B6,SMIX2AT!$H$2:$H$200,"P1")) -> 0 | E6: =MAX(0.5,MIN(1.5,1+IF($B6="",0,SUMPRODUCT((SMIX2AT!$D$2:$D$200=$B6)*(SMIX2AT!$H$2:$H$200="P1")*SMIX2AT!$I$2:$I$200*0.01)))) -> 1 | F6: =IF($B6="",0,COUNTIFS(SMIX2AT!$D$2:$D$200,$B6,SMIX2AT!$H$2:$H$200,"P2")) -> 0 | G6: =MAX(0.5,MIN(1.5,1+IF($B6="",0,SUMPRODUCT((SMIX2AT!$D$2:$D$200=$B6)*(SMIX2AT!$H$2:$H$200="P2")*SMIX2AT!$I$2:$I$200*0.01)))) -> 1 | H6: =IF($B6="",0,COUNTIFS(SMIX2AT!$D$2:$D$200,$B6,SMIX2AT!$H$2:$H$200,"P3")) -> 0 | I6: =MAX(0.5,MIN(1.5,1+IF($B6="",0,SUMPRODUCT((SMIX2AT!$D$2:$D$200=$B6)*(SMIX2AT!$H$2:$H$200="P3")*SMIX2AT!$I$2:$I$200*0.01)))) -> 1 | J6: =IF($B6="",0,COUNTIFS(SMIX2AT!$D$2:$D$200,$B6,SMIX2AT!$H$2:$H$200,"P4")) -> 0 | K6: =MAX(0.5,MIN(1.5,1+IF($B6="",0,SUMPRODUCT((SMIX2AT!$D$2:$D$200=$B6)*(SMIX2AT!$H$2:$H$200="P4")*SMIX2AT!$I$2:$I$200*0.01)))) -> 1 | L6: =IF($B6="",0,COUNTIFS(SMIX2AT!$D$2:$D$200,$B6,SMIX2AT!$H$2:$H$200,"P5")) -> 0 | M6: =MAX(0.5,MIN(1.5,1+IF($B6="",0,SUMPRODUCT((SMIX2AT!$D$2:$D$200=$B6)*(SMIX2AT!$H$2:$H$200="P5")*SMIX2AT!$I$2:$I$200*0.01)))) -> 1 | N6: =IF($B6="",0,IFERROR(SUMPRODUCT((SMIX2AT!$D$2:$D$200=$B6)*SMIX2AT!$I$2:$I$200),0)) -> 0 | O6: =D6+F6+H6+J6+L6 -> 0
A7: John Chévez Paniagua | C7: jchevez@alumnat.copernic.cat | D7: =IF($B7="",0,COUNTIFS(SMIX2AT!$D$2:$D$200,$B7,SMIX2AT!$H$2:$H$200,"P1")) -> 0 | E7: =MAX(0.5,MIN(1.5,1+IF($B7="",0,SUMPRODUCT((SMIX2AT!$D$2:$D$200=$B7)*(SMIX2AT!$H$2:$H$200="P1")*SMIX2AT!$I$2:$I$200*0.01)))) -> 1 | F7: =IF($B7="",0,COUNTIFS(SMIX2AT!$D$2:$D$200,$B7,SMIX2AT!$H$2:$H$200,"P2")) -> 0 | G7: =MAX(0.5,MIN(1.5,1+IF($B7="",0,SUMPRODUCT((SMIX2AT!$D$2:$D$200=$B7)*(SMIX2AT!$H$2:$H$200="P2")*SMIX2AT!$I$2:$I$200*0.01)))) -> 1 | H7: =IF($B7="",0,COUNTIFS(SMIX2AT!$D$2:$D$200,$B7,SMIX2AT!$H$2:$H$200,"P3")) -> 0 | I7: =MAX(0.5,MIN(1.5,1+IF($B7="",0,SUMPRODUCT((SMIX2AT!$D$2:$D$200=$B7)*(SMIX2AT!$H$2:$H$200="P3")*SMIX2AT!$I$2:$I$200*0.01)))) -> 1 | J7: =IF($B7="",0,COUNTIFS(SMIX2AT!$D$2:$D$200,$B7,SMIX2AT!$H$2:$H$200,"P4")) -> 0 | K7: =MAX(0.5,MIN(1.5,1+IF($B7="",0,SUMPRODUCT((SMIX2AT!$D$2:$D$200=$B7)*(SMIX2AT!$H$2:$H$200="P4")*SMIX2AT!$I$2:$I$200*0.01)))) -> 1 | L7: =IF($B7="",0,COUNTIFS(SMIX2AT!$D$2:$D$200,$B7,SMIX2AT!$H$2:$H$200,"P5")) -> 0 | M7: =MAX(0.5,MIN(1.5,1+IF($B7="",0,SUMPRODUCT((SMIX2AT!$D$2:$D$200=$B7)*(SMIX2AT!$H$2:$H$200="P5")*SMIX2AT!$I$2:$I$200*0.01)))) -> 1 | N7: =IF($B7="",0,IFERROR(SUMPRODUCT((SMIX2AT!$D$2:$D$200=$B7)*SMIX2AT!$I$2:$I$200),0)) -> 0 | O7: =D7+F7+H7+J7+L7 -> 0
A8: Anouar Daih Seraiti | C8: adaih@alumnat.copernic.cat | D8: =IF($B8="",0,COUNTIFS(SMIX2AT!$D$2:$D$200,$B8,SMIX2AT!$H$2:$H$200,"P1")) -> 0 | E8: =MAX(0.5,MIN(1.5,1+IF($B8="",0,SUMPRODUCT((SMIX2AT!$D$2:$D$200=$B8)*(SMIX2AT!$H$2:$H$200="P1")*SMIX2AT!$I$2:$I$200*0.01)))) -> 1 | F8: =IF($B8="",0,COUNTIFS(SMIX2AT!$D$2:$D$200,$B8,SMIX2AT!$H$2:$H$200,"P2")) -> 0 | G8: =MAX(0.5,MIN(1.5,1+IF($B8="",0,SUMPRODUCT((SMIX2AT!$D$2:$D$200=$B8)*(SMIX2AT!$H$2:$H$200="P2")*SMIX2AT!$I$2:$I$200*0.01)))) -> 1 | H8: =IF($B8="",0,COUNTIFS(SMIX2AT!$D$2:$D$200,$B8,SMIX2AT!$H$2:$H$200,"P3")) -> 0 | I8: =MAX(0.5,MIN(1.5,1+IF($B8="",0,SUMPRODUCT((SMIX2AT!$D$2:$D$200=$B8)*(SMIX2AT!$H$2:$H$200="P3")*SMIX2AT!$I$2:$I$200*0.01)))) -> 1 | J8: =IF($B8="",0,COUNTIFS(SMIX2AT!$D$2:$D$200,$B8,SMIX2AT!$H$2:$H$200,"P4")) -> 0 | K8: =MAX(0.5,MIN(1.5,1+IF($B8="",0,SUMPRODUCT((SMIX2AT!$D$2:$D$200=$B8)*(SMIX2AT!$H$2:$H$200="P4")*SMIX2AT!$I$2:$I$200*0.01)))) -> 1 | L8: =IF($B8="",0,COUNTIFS(SMIX2AT!$D$2:$D$200,$B8,SMIX2AT!$H$2:$H$200,"P5")) -> 0 | M8: =MAX(0.5,MIN(1.5,1+IF($B8="",0,SUMPRODUCT((SMIX2AT!$D$2:$D$200=$B8)*(SMIX2AT!$H$2:$H$200="P5")*SMIX2AT!$I$2:$I$200*0.01)))) -> 1 | N8: =IF($B8="",0,IFERROR(SUMPRODUCT((SMIX2AT!$D$2:$D$200=$B8)*SMIX2AT!$I$2:$I$200),0)) -> 0 | O8: =D8+F8+H8+J8+L8 -> 0
A9: Iker Espinosa Bujardon | C9: iespinosa@alumnat.copernic.cat | D9: =IF($B9="",0,COUNTIFS(SMIX2AT!$D$2:$D$200,$B9,SMIX2AT!$H$2:$H$200,"P1")) -> 0 | E9: =MAX(0.5,MIN(1.5,1+IF($B9="",0,SUMPRODUCT((SMIX2AT!$D$2:$D$200=$B9)*(SMIX2AT!$H$2:$H$200="P1")*SMIX2AT!$I$2:$I$200*0.01)))) -> 1 | F9: =IF($B9="",0,COUNTIFS(SMIX2AT!$D$2:$D$200,$B9,SMIX2AT!$H$2:$H$200,"P2")) -> 0 | G9: =MAX(0.5,MIN(1.5,1+IF($B9="",0,SUMPRODUCT((SMIX2AT!$D$2:$D$200=$B9)*(SMIX2AT!$H$2:$H$200="P2")*SMIX2AT!$I$2:$I$200*0.01)))) -> 1 | H9: =IF($B9="",0,COUNTIFS(SMIX2AT!$D$2:$D$200,$B9,SMIX2AT!$H$2:$H$200,"P3")) -> 0 | I9: =MAX(0.5,MIN(1.5,1+IF($B9="",0,SUMPRODUCT((SMIX2AT!$D$2:$D$200=$B9)*(SMIX2AT!$H$2:$H$200="P3")*SMIX2AT!$I$2:$I$200*0.01)))) -> 1 | J9: =IF($B9="",0,COUNTIFS(SMIX2AT!$D$2:$D$200,$B9,SMIX2AT!$H$2:$H$200,"P4")) -> 0 | K9: =MAX(0.5,MIN(1.5,1+IF($B9="",0,SUMPRODUCT((SMIX2AT!$D$2:$D$200=$B9)*(SMIX2AT!$H$2:$H$200="P4")*SMIX2AT!$I$2:$I$200*0.01)))) -> 1 | L9: =IF($B9="",0,COUNTIFS(SMIX2AT!$D$2:$D$200,$B9,SMIX2AT!$H$2:$H$200,"P5")) -> 0 | M9: =MAX(0.5,MIN(1.5,1+IF($B9="",0,SUMPRODUCT((SMIX2AT!$D$2:$D$200=$B9)*(SMIX2AT!$H$2:$H$200="P5")*SMIX2AT!$I$2:$I$200*0.01)))) -> 1 | N9: =IF($B9="",0,IFERROR(SUMPRODUCT((SMIX2AT!$D$2:$D$200=$B9)*SMIX2AT!$I$2:$I$200),0)) -> 0 | O9: =D9+F9+H9+J9+L9 -> 0
A10: Walid Farah Temsamani-Zebzabi | C10: wfarah@alumnat.copernic.cat | D10: =IF($B10="",0,COUNTIFS(SMIX2AT!$D$2:$D$200,$B10,SMIX2AT!$H$2:$H$200,"P1")) -> 0 | E10: =MAX(0.5,MIN(1.5,1+IF($B10="",0,SUMPRODUCT((SMIX2AT!$D$2:$D$200=$B10)*(SMIX2AT!$H$2:$H$200="P1")*SMIX2AT!$I$2:$I$200*0.01)))) -> 1 | F10: =IF($B10="",0,COUNTIFS(SMIX2AT!$D$2:$D$200,$B10,SMIX2AT!$H$2:$H$200,"P2")) -> 0 | G10: =MAX(0.5,MIN(1.5,1+IF($B10="",0,SUMPRODUCT((SMIX2AT!$D$2:$D$200=$B10)*(SMIX2AT!$H$2:$H$200="P2")*SMIX2AT!$I$2:$I$200*0.01)))) -> 1 | H10: =IF($B10="",0,COUNTIFS(SMIX2AT!$D$2:$D$200,$B10,SMIX2AT!$H$2:$H$200,"P3")) -> 0 | I10: =MAX(0.5,MIN(1.5,1+IF($B10="",0,SUMPRODUCT((SMIX2AT!$D$2:$D$200=$B10)*(SMIX2AT!$H$2:$H$200="P3")*SMIX2AT!$I$2:$I$200*0.01)))) -> 1 | J10: =IF($B10="",0,COUNTIFS(SMIX2AT!$D$2:$D$200,$B10,SMIX2AT!$H$2:$H$200,"P4")) -> 0 | K10: =MAX(0.5,MIN(1.5,1+IF($B10="",0,SUMPRODUCT((SMIX2AT!$D$2:$D$200=$B10)*(SMIX2AT!$H$2:$H$200="P4")*SMIX2AT!$I$2:$I$200*0.01)))) -> 1 | L10: =IF($B10="",0,COUNTIFS(SMIX2AT!$D$2:$D$200,$B10,SMIX2AT!$H$2:$H$200,"P5")) -> 0 | M10: =MAX(0.5,MIN(1.5,1+IF($B10="",0,SUMPRODUCT((SMIX2AT!$D$2:$D$200=$B10)*(SMIX2AT!$H$2:$H$200="P5")*SMIX2AT!$I$2:$I$200*0.01)))) -> 1 | N10: =IF($B10="",0,IFERROR(SUMPRODUCT((SMIX2AT!$D$2:$D$200=$B10)*SMIX2AT!$I$2:$I$200),0)) -> 0 | O10: =D10+F10+H10+J10+L10 -> 0
A11: Iván Gavilán Zafra | C11: igavilan@alumnat.copernic.cat | D11: =IF($B11="",0,COUNTIFS(SMIX2AT!$D$2:$D$200,$B11,SMIX2AT!$H$2:$H$200,"P1")) -> 0 | E11: =MAX(0.5,MIN(1.5,1+IF($B11="",0,SUMPRODUCT((SMIX2AT!$D$2:$D$200=$B11)*(SMIX2AT!$H$2:$H$200="P1")*SMIX2AT!$I$2:$I$200*0.01)))) -> 1 | F11: =IF($B11="",0,COUNTIFS(SMIX2AT!$D$2:$D$200,$B11,SMIX2AT!$H$2:$H$200,"P2")) -> 0 | G11: =MAX(0.5,MIN(1.5,1+IF($B11="",0,SUMPRODUCT((SMIX2AT!$D$2:$D$200=$B11)*(SMIX2AT!$H$2:$H$200="P2")*SMIX2AT!$I$2:$I$200*0.01)))) -> 1 | H11: =IF($B11="",0,COUNTIFS(SMIX2AT!$D$2:$D$200,$B11,SMIX2AT!$H$2:$H$200,"P3")) -> 0 | I11: =MAX(0.5,MIN(1.5,1+IF($B11="",0,SUMPRODUCT((SMIX2AT!$D$2:$D$200=$B11)*(SMIX2AT!$H$2:$H$200="P3")*SMIX2AT!$I$2:$I$200*0.01)))) -> 1 | J11: =IF($B11="",0,COUNTIFS(SMIX2AT!$D$2:$D$200,$B11,SMIX2AT!$H$2:$H$200,"P4")) -> 0 | K11: =MAX(0.5,MIN(1.5,1+IF($B11="",0,SUMPRODUCT((SMIX2AT!$D$2:$D$200=$B11)*(SMIX2AT!$H$2:$H$200="P4")*SMIX2AT!$I$2:$I$200*0.01)))) -> 1 | L11: =IF($B11="",0,COUNTIFS(SMIX2AT!$D$2:$D$200,$B11,SMIX2AT!$H$2:$H$200,"P5")) -> 0 | M11: =MAX(0.5,MIN(1.5,1+IF($B11="",0,SUMPRODUCT((SMIX2AT!$D$2:$D$200=$B11)*(SMIX2AT!$H$2:$H$200="P5")*SMIX2AT!$I$2:$I$200*0.01)))) -> 1 | N11: =IF($B11="",0,IFERROR(SUMPRODUCT((SMIX2AT!$D$2:$D$200=$B11)*SMIX2AT!$I$2:$I$200),0)) -> 0 | O11: =D11+F11+H11+J11+L11 -> 0
A12: Mohammed Taha Khadiri Alalech | C12: mtkhadiri@alumnat.copernic.cat | D12: =IF($B12="",0,COUNTIFS(SMIX2AT!$D$2:$D$200,$B12,SMIX2AT!$H$2:$H$200,"P1")) -> 0 | E12: =MAX(0.5,MIN(1.5,1+IF($B12="",0,SUMPRODUCT((SMIX2AT!$D$2:$D$200=$B12)*(SMIX2AT!$H$2:$H$200="P1")*SMIX2AT!$I$2:$I$200*0.01)))) -> 1 | F12: =IF($B12="",0,COUNTIFS(SMIX2AT!$D$2:$D$200,$B12,SMIX2AT!$H$2:$H$200,"P2")) -> 0 | G12: =MAX(0.5,MIN(1.5,1+IF($B12="",0,SUMPRODUCT((SMIX2AT!$D$2:$D$200=$B12)*(SMIX2AT!$H$2:$H$200="P2")*SMIX2AT!$I$2:$I$200*0.01)))) -> 1 | H12: =IF($B12="",0,COUNTIFS(SMIX2AT!$D$2:$D$200,$B12,SMIX2AT!$H$2:$H$200,"P3")) -> 0 | I12: =MAX(0.5,MIN(1.5,1+IF($B12="",0,SUMPRODUCT((SMIX2AT!$D$2:$D$200=$B12)*(SMIX2AT!$H$2:$H$200="P3")*SMIX2AT!$I$2:$I$200*0.01)))) -> 1 | J12: =IF($B12="",0,COUNTIFS(SMIX2AT!$D$2:$D$200,$B12,SMIX2AT!$H$2:$H$200,"P4")) -> 0 | K12: =MAX(0.5,MIN(1.5,1+IF($B12="",0,SUMPRODUCT((SMIX2AT!$D$2:$D$200=$B12)*(SMIX2AT!$H$2:$H$200="P4")*SMIX2AT!$I$2:$I$200*0.01)))) -> 1 | L12: =IF($B12="",0,COUNTIFS(SMIX2AT!$D$2:$D$200,$B12,SMIX2AT!$H$2:$H$200,"P5")) -> 0 | M12: =MAX(0.5,MIN(1.5,1+IF($B12="",0,SUMPRODUCT((SMIX2AT!$D$2:$D$200=$B12)*(SMIX2AT!$H$2:$H$200="P5")*SMIX2AT!$I$2:$I$200*0.01)))) -> 1 | N12: =IF($B12="",0,IFERROR(SUMPRODUCT((SMIX2AT!$D$2:$D$200=$B12)*SMIX2AT!$I$2:$I$200),0)) -> 0 | O12: =D12+F12+H12+J12+L12 -> 0
A13: Max Martos Gasulla | C13: martos.gasulla.max@alumnat.copernic.cat | D13: =IF($B13="",0,COUNTIFS(SMIX2AT!$D$2:$D$200,$B13,SMIX2AT!$H$2:$H$200,"P1")) -> 0 | E13: =MAX(0.5,MIN(1.5,1+IF($B13="",0,SUMPRODUCT((SMIX2AT!$D$2:$D$200=$B13)*(SMIX2AT!$H$2:$H$200="P1")*SMIX2AT!$I$2:$I$200*0.01)))) -> 1 | F13: =IF($B13="",0,COUNTIFS(SMIX2AT!$D$2:$D$200,$B13,SMIX2AT!$H$2:$H$200,"P2")) -> 0 | G13: =MAX(0.5,MIN(1.5,1+IF($B13="",0,SUMPRODUCT((SMIX2AT!$D$2:$D$200=$B13)*(SMIX2AT!$H$2:$H$200="P2")*SMIX2AT!$I$2:$I$200*0.01)))) -> 1 | H13: =IF($B13="",0,COUNTIFS(SMIX2AT!$D$2:$D$200,$B13,SMIX2AT!$H$2:$H$200,"P3")) -> 0 | I13: =MAX(0.5,MIN(1.5,1+IF($B13="",0,SUMPRODUCT((SMIX2AT!$D$2:$D$200=$B13)*(SMIX2AT!$H$2:$H$200="P3")*SMIX2AT!$I$2:$I$200*0.01)))) -> 1 | J13: =IF($B13="",0,COUNTIFS(SMIX2AT!$D$2:$D$200,$B13,SMIX2AT!$H$2:$H$200,"P4")) -> 0 | K13: =MAX(0.5,MIN(1.5,1+IF($B13="",0,SUMPRODUCT((SMIX2AT!$D$2:$D$200=$B13)*(SMIX2AT!$H$2:$H$200="P4")*SMIX2AT!$I$2:$I$200*0.01)))) -> 1 | L13: =IF($B13="",0,COUNTIFS(SMIX2AT!$D$2:$D$200,$B13,SMIX2AT!$H$2:$H$200,"P5")) -> 0 | M13: =MAX(0.5,MIN(1.5,1+IF($B13="",0,SUMPRODUCT((SMIX2AT!$D$2:$D$200=$B13)*(SMIX2AT!$H$2:$H$200="P5")*SMIX2AT!$I$2:$I$200*0.01)))) -> 1 | N13: =IF($B13="",0,IFERROR(SUMPRODUCT((SMIX2AT!$D$2:$D$200=$B13)*SMIX2AT!$I$2:$I$200),0)) -> 0 | O13: =D13+F13+H13+J13+L13 -> 0
A14: David Molina Sánchez | C14: molina.sanchez.david@alumnat.copernic.cat | D14: =IF($B14="",0,COUNTIFS(SMIX2AT!$D$2:$D$200,$B14,SMIX2AT!$H$2:$H$200,"P1")) -> 0 | E14: =MAX(0.5,MIN(1.5,1+IF($B14="",0,SUMPRODUCT((SMIX2AT!$D$2:$D$200=$B14)*(SMIX2AT!$H$2:$H$200="P1")*SMIX2AT!$I$2:$I$200*0.01)))) -> 1 | F14: =IF($B14="",0,COUNTIFS(SMIX2AT!$D$2:$D$200,$B14,SMIX2AT!$H$2:$H$200,"P2")) -> 0 | G14: =MAX(0.5,MIN(1.5,1+IF($B14="",0,SUMPRODUCT((SMIX2AT!$D$2:$D$200=$B14)*(SMIX2AT!$H$2:$H$200="P2")*SMIX2AT!$I$2:$I$200*0.01)))) -> 1 | H14: =IF($B14="",0,COUNTIFS(SMIX2AT!$D$2:$D$200,$B14,SMIX2AT!$H$2:$H$200,"P3")) -> 0 | I14: =MAX(0.5,MIN(1.5,1+IF($B14="",0,SUMPRODUCT((SMIX2AT!$D$2:$D$200=$B14)*(SMIX2AT!$H$2:$H$200="P3")*SMIX2AT!$I$2:$I$200*0.01)))) -> 1 | J14: =IF($B14="",0,COUNTIFS(SMIX2AT!$D$2:$D$200,$B14,SMIX2AT!$H$2:$H$200,"P4")) -> 0 | K14: =MAX(0.5,MIN(1.5,1+IF($B14="",0,SUMPRODUCT((SMIX2AT!$D$2:$D$200=$B14)*(SMIX2AT!$H$2:$H$200="P4")*SMIX2AT!$I$2:$I$200*0.01)))) -> 1 | L14: =IF($B14="",0,COUNTIFS(SMIX2AT!$D$2:$D$200,$B14,SMIX2AT!$H$2:$H$200,"P5")) -> 0 | M14: =MAX(0.5,MIN(1.5,1+IF($B14="",0,SUMPRODUCT((SMIX2AT!$D$2:$D$200=$B14)*(SMIX2AT!$H$2:$H$200="P5")*SMIX2AT!$I$2:$I$200*0.01)))) -> 1 | N14: =IF($B14="",0,IFERROR(SUMPRODUCT((SMIX2AT!$D$2:$D$200=$B14)*SMIX2AT!$I$2:$I$200),0)) -> 0 | O14: =D14+F14+H14+J14+L14 -> 0
... A22: Marc Zaragoza López | C22: mzaragoza@alumnat.copernic.cat | D22: =IF($B22="",0,COUNTIFS(SMIX2AT!$D$2:$D$200,$B22,SMIX2AT!$H$2:$H$200,"P1")) -> 0 | E22: =MAX(0.5,MIN(1.5,1+IF($B22="",0,SUMPRODUCT((SMIX2AT!$D$2:$D$200=$B22)*(SMIX2AT!$H$2:$H$200="P1")*SMIX2AT!$I$2:$I$200*0.01)))) -> 1 | F22: =IF($B22="",0,COUNTIFS(SMIX2AT!$D$2:$D$200,$B22,SMIX2AT!$H$2:$H$200,"P2")) -> 0 | G22: =MAX(0.5,MIN(1.5,1+IF($B22="",0,SUMPRODUCT((SMIX2AT!$D$2:$D$200=$B22)*(SMIX2AT!$H$2:$H$200="P2")*SMIX2AT!$I$2:$I$200*0.01)))) -> 1 | H22: =IF($B22="",0,COUNTIFS(SMIX2AT!$D$2:$D$200,$B22,SMIX2AT!$H$2:$H$200,"P3")) -> 0 | I22: =MAX(0.5,MIN(1.5,1+IF($B22="",0,SUMPRODUCT((SMIX2AT!$D$2:$D$200=$B22)*(SMIX2AT!$H$2:$H$200="P3")*SMIX2AT!$I$2:$I$200*0.01)))) -> 1 | J22: =IF($B22="",0,COUNTIFS(SMIX2AT!$D$2:$D$200,$B22,SMIX2AT!$H$2:$H$200,"P4")) -> 0 | K22: =MAX(0.5,MIN(1.5,1+IF($B22="",0,SUMPRODUCT((SMIX2AT!$D$2:$D$200=$B22)*(SMIX2AT!$H$2:$H$200="P4")*SMIX2AT!$I$2:$I$200*0.01)))) -> 1 | L22: =IF($B22="",0,COUNTIFS(SMIX2AT!$D$2:$D$200,$B22,SMIX2AT!$H$2:$H$200,"P5")) -> 0 | M22: =MAX(0.5,MIN(1.5,1+IF($B22="",0,SUMPRODUCT((SMIX2AT!$D$2:$D$200=$B22)*(SMIX2AT!$H$2:$H$200="P5")*SMIX2AT!$I$2:$I$200*0.01)))) -> 1 | N22: =IF($B22="",0,IFERROR(SUMPRODUCT((SMIX2AT!$D$2:$D$200=$B22)*SMIX2AT!$I$2:$I$200),0)) -> 0 | O22: =D22+F22+H22+J22+L22 -> 0
D23: =IF($B23="",0,COUNTIFS(SMIX2AT!$D$2:$D$200,$B23,SMIX2AT!$H$2:$H$200,"P1")) -> 0 | E23: =MAX(0.5,MIN(1.5,1+IF($B23="",0,SUMPRODUCT((SMIX2AT!$D$2:$D$200=$B23)*(SMIX2AT!$H$2:$H$200="P1")*SMIX2AT!$I$2:$I$200*0.01)))) -> 1 | F23: =IF($B23="",0,COUNTIFS(SMIX2AT!$D$2:$D$200,$B23,SMIX2AT!$H$2:$H$200,"P2")) -> 0 | G23: =MAX(0.5,MIN(1.5,1+IF($B23="",0,SUMPRODUCT((SMIX2AT!$D$2:$D$200=$B23)*(SMIX2AT!$H$2:$H$200="P2")*SMIX2AT!$I$2:$I$200*0.01)))) -> 1 | H23: =IF($B23="",0,COUNTIFS(SMIX2AT!$D$2:$D$200,$B23,SMIX2AT!$H$2:$H$200,"P3")) -> 0 | I23: =MAX(0.5,MIN(1.5,1+IF($B23="",0,SUMPRODUCT((SMIX2AT!$D$2:$D$200=$B23)*(SMIX2AT!$H$2:$H$200="P3")*SMIX2AT!$I$2:$I$200*0.01)))) -> 1 | J23: =IF($B23="",0,COUNTIFS(SMIX2AT!$D$2:$D$200,$B23,SMIX2AT!$H$2:$H$200,"P4")) -> 0 | K23: =MAX(0.5,MIN(1.5,1+IF($B23="",0,SUMPRODUCT((SMIX2AT!$D$2:$D$200=$B23)*(SMIX2AT!$H$2:$H$200="P4")*SMIX2AT!$I$2:$I$200*0.01)))) -> 1 | L23: =IF($B23="",0,COUNTIFS(SMIX2AT!$D$2:$D$200,$B23,SMIX2AT!$H$2:$H$200,"P5")) -> 0 | M23: =MAX(0.5,MIN(1.5,1+IF($B23="",0,SUMPRODUCT((SMIX2AT!$D$2:$D$200=$B23)*(SMIX2AT!$H$2:$H$200="P5")*SMIX2AT!$I$2:$I$200*0.01)))) -> 1 | N23: =IF($B23="",0,IFERROR(SUMPRODUCT((SMIX2AT!$D$2:$D$200=$B23)*SMIX2AT!$I$2:$I$200),0)) -> 0 | O23: =D23+F23+H23+J23+L23 -> 0
D24: =IF($B24="",0,COUNTIFS(SMIX2AT!$D$2:$D$200,$B24,SMIX2AT!$H$2:$H$200,"P1")) -> 0 | E24: =MAX(0.5,MIN(1.5,1+IF($B24="",0,SUMPRODUCT((SMIX2AT!$D$2:$D$200=$B24)*(SMIX2AT!$H$2:$H$200="P1")*SMIX2AT!$I$2:$I$200*0.01)))) -> 1 | F24: =IF($B24="",0,COUNTIFS(SMIX2AT!$D$2:$D$200,$B24,SMIX2AT!$H$2:$H$200,"P2")) -> 0 | G24: =MAX(0.5,MIN(1.5,1+IF($B24="",0,SUMPRODUCT((SMIX2AT!$D$2:$D$200=$B24)*(SMIX2AT!$H$2:$H$200="P2")*SMIX2AT!$I$2:$I$200*0.01)))) -> 1 | H24: =IF($B24="",0,COUNTIFS(SMIX2AT!$D$2:$D$200,$B24,SMIX2AT!$H$2:$H$200,"P3")) -> 0 | I24: =MAX(0.5,MIN(1.5,1+IF($B24="",0,SUMPRODUCT((SMIX2AT!$D$2:$D$200=$B24)*(SMIX2AT!$H$2:$H$200="P3")*SMIX2AT!$I$2:$I$200*0.01)))) -> 1 | J24: =IF($B24="",0,COUNTIFS(SMIX2AT!$D$2:$D$200,$B24,SMIX2AT!$H$2:$H$200,"P4")) -> 0 | K24: =MAX(0.5,MIN(1.5,1+IF($B24="",0,SUMPRODUCT((SMIX2AT!$D$2:$D$200=$B24)*(SMIX2AT!$H$2:$H$200="P4")*SMIX2AT!$I$2:$I$200*0.01)))) -> 1 | L24: =IF($B24="",0,COUNTIFS(SMIX2AT!$D$2:$D$200,$B24,SMIX2AT!$H$2:$H$200,"P5")) -> 0 | M24: =MAX(0.5,MIN(1.5,1+IF($B24="",0,SUMPRODUCT((SMIX2AT!$D$2:$D$200=$B24)*(SMIX2AT!$H$2:$H$200="P5")*SMIX2AT!$I$2:$I$200*0.01)))) -> 1 | N24: =IF($B24="",0,IFERROR(SUMPRODUCT((SMIX2AT!$D$2:$D$200=$B24)*SMIX2AT!$I$2:$I$200),0)) -> 0 | O24: =D24+F24+H24+J24+L24 -> 0
D25: =IF($B25="",0,COUNTIFS(SMIX2AT!$D$2:$D$200,$B25,SMIX2AT!$H$2:$H$200,"P1")) -> 0 | E25: =MAX(0.5,MIN(1.5,1+IF($B25="",0,SUMPRODUCT((SMIX2AT!$D$2:$D$200=$B25)*(SMIX2AT!$H$2:$H$200="P1")*SMIX2AT!$I$2:$I$200*0.01)))) -> 1 | F25: =IF($B25="",0,COUNTIFS(SMIX2AT!$D$2:$D$200,$B25,SMIX2AT!$H$2:$H$200,"P2")) -> 0 | G25: =MAX(0.5,MIN(1.5,1+IF($B25="",0,SUMPRODUCT((SMIX2AT!$D$2:$D$200=$B25)*(SMIX2AT!$H$2:$H$200="P2")*SMIX2AT!$I$2:$I$200*0.01)))) -> 1 | H25: =IF($B25="",0,COUNTIFS(SMIX2AT!$D$2:$D$200,$B25,SMIX2AT!$H$2:$H$200,"P3")) -> 0 | I25: =MAX(0.5,MIN(1.5,1+IF($B25="",0,SUMPRODUCT((SMIX2AT!$D$2:$D$200=$B25)*(SMIX2AT!$H$2:$H$200="P3")*SMIX2AT!$I$2:$I$200*0.01)))) -> 1 | J25: =IF($B25="",0,COUNTIFS(SMIX2AT!$D$2:$D$200,$B25,SMIX2AT!$H$2:$H$200,"P4")) -> 0 | K25: =MAX(0.5,MIN(1.5,1+IF($B25="",0,SUMPRODUCT((SMIX2AT!$D$2:$D$200=$B25)*(SMIX2AT!$H$2:$H$200="P4")*SMIX2AT!$I$2:$I$200*0.01)))) -> 1 | L25: =IF($B25="",0,COUNTIFS(SMIX2AT!$D$2:$D$200,$B25,SMIX2AT!$H$2:$H$200,"P5")) -> 0 | M25: =MAX(0.5,MIN(1.5,1+IF($B25="",0,SUMPRODUCT((SMIX2AT!$D$2:$D$200=$B25)*(SMIX2AT!$H$2:$H$200="P5")*SMIX2AT!$I$2:$I$200*0.01)))) -> 1 | N25: =IF($B25="",0,IFERROR(SUMPRODUCT((SMIX2AT!$D$2:$D$200=$B25)*SMIX2AT!$I$2:$I$200),0)) -> 0 | O25: =D25+F25+H25+J25+L25 -> 0
D26: =IF($B26="",0,COUNTIFS(SMIX2AT!$D$2:$D$200,$B26,SMIX2AT!$H$2:$H$200,"P1")) -> 0 | E26: =MAX(0.5,MIN(1.5,1+IF($B26="",0,SUMPRODUCT((SMIX2AT!$D$2:$D$200=$B26)*(SMIX2AT!$H$2:$H$200="P1")*SMIX2AT!$I$2:$I$200*0.01)))) -> 1 | F26: =IF($B26="",0,COUNTIFS(SMIX2AT!$D$2:$D$200,$B26,SMIX2AT!$H$2:$H$200,"P2")) -> 0 | G26: =MAX(0.5,MIN(1.5,1+IF($B26="",0,SUMPRODUCT((SMIX2AT!$D$2:$D$200=$B26)*(SMIX2AT!$H$2:$H$200="P2")*SMIX2AT!$I$2:$I$200*0.01)))) -> 1 | H26: =IF($B26="",0,COUNTIFS(SMIX2AT!$D$2:$D$200,$B26,SMIX2AT!$H$2:$H$200,"P3")) -> 0 | I26: =MAX(0.5,MIN(1.5,1+IF($B26="",0,SUMPRODUCT((SMIX2AT!$D$2:$D$200=$B26)*(SMIX2AT!$H$2:$H$200="P3")*SMIX2AT!$I$2:$I$200*0.01)))) -> 1 | J26: =IF($B26="",0,COUNTIFS(SMIX2AT!$D$2:$D$200,$B26,SMIX2AT!$H$2:$H$200,"P4")) -> 0 | K26: =MAX(0.5,MIN(1.5,1+IF($B26="",0,SUMPRODUCT((SMIX2AT!$D$2:$D$200=$B26)*(SMIX2AT!$H$2:$H$200="P4")*SMIX2AT!$I$2:$I$200*0.01)))) -> 1 | L26: =IF($B26="",0,COUNTIFS(SMIX2AT!$D$2:$D$200,$B26,SMIX2AT!$H$2:$H$200,"P5")) -> 0 | M26: =MAX(0.5,MIN(1.5,1+IF($B26="",0,SUMPRODUCT((SMIX2AT!$D$2:$D$200=$B26)*(SMIX2AT!$H$2:$H$200="P5")*SMIX2AT!$I$2:$I$200*0.01)))) -> 1 | N26: =IF($B26="",0,IFERROR(SUMPRODUCT((SMIX2AT!$D$2:$D$200=$B26)*SMIX2AT!$I$2:$I$200),0)) -> 0 | O26: =D26+F26+H26+J26+L26 -> 0
D27: =IF($B27="",0,COUNTIFS(SMIX2AT!$D$2:$D$200,$B27,SMIX2AT!$H$2:$H$200,"P1")) -> 0 | E27: =MAX(0.5,MIN(1.5,1+IF($B27="",0,SUMPRODUCT((SMIX2AT!$D$2:$D$200=$B27)*(SMIX2AT!$H$2:$H$200="P1")*SMIX2AT!$I$2:$I$200*0.01)))) -> 1 | F27: =IF($B27="",0,COUNTIFS(SMIX2AT!$D$2:$D$200,$B27,SMIX2AT!$H$2:$H$200,"P2")) -> 0 | G27: =MAX(0.5,MIN(1.5,1+IF($B27="",0,SUMPRODUCT((SMIX2AT!$D$2:$D$200=$B27)*(SMIX2AT!$H$2:$H$200="P2")*SMIX2AT!$I$2:$I$200*0.01)))) -> 1 | H27: =IF($B27="",0,COUNTIFS(SMIX2AT!$D$2:$D$200,$B27,SMIX2AT!$H$2:$H$200,"P3")) -> 0 | I27: =MAX(0.5,MIN(1.5,1+IF($B27="",0,SUMPRODUCT((SMIX2AT!$D$2:$D$200=$B27)*(SMIX2AT!$H$2:$H$200="P3")*SMIX2AT!$I$2:$I$200*0.01)))) -> 1 | J27: =IF($B27="",0,COUNTIFS(SMIX2AT!$D$2:$D$200,$B27,SMIX2AT!$H$2:$H$200,"P4")) -> 0 | K27: =MAX(0.5,MIN(1.5,1+IF($B27="",0,SUMPRODUCT((SMIX2AT!$D$2:$D$200=$B27)*(SMIX2AT!$H$2:$H$200="P4")*SMIX2AT!$I$2:$I$200*0.01)))) -> 1 | L27: =IF($B27="",0,COUNTIFS(SMIX2AT!$D$2:$D$200,$B27,SMIX2AT!$H$2:$H$200,"P5")) -> 0 | M27: =MAX(0.5,MIN(1.5,1+IF($B27="",0,SUMPRODUCT((SMIX2AT!$D$2:$D$200=$B27)*(SMIX2AT!$H$2:$H$200="P5")*SMIX2AT!$I$2:$I$200*0.01)))) -> 1 | N27: =IF($B27="",0,IFERROR(SUMPRODUCT((SMIX2AT!$D$2:$D$200=$B27)*SMIX2AT!$I$2:$I$200),0)) -> 0 | O27: =D27+F27+H27+J27+L27 -> 0
D28: =IF($B28="",0,COUNTIFS(SMIX2AT!$D$2:$D$200,$B28,SMIX2AT!$H$2:$H$200,"P1")) -> 0 | E28: =MAX(0.5,MIN(1.5,1+IF($B28="",0,SUMPRODUCT((SMIX2AT!$D$2:$D$200=$B28)*(SMIX2AT!$H$2:$H$200="P1")*SMIX2AT!$I$2:$I$200*0.01)))) -> 1 | F28: =IF($B28="",0,COUNTIFS(SMIX2AT!$D$2:$D$200,$B28,SMIX2AT!$H$2:$H$200,"P2")) -> 0 | G28: =MAX(0.5,MIN(1.5,1+IF($B28="",0,SUMPRODUCT((SMIX2AT!$D$2:$D$200=$B28)*(SMIX2AT!$H$2:$H$200="P2")*SMIX2AT!$I$2:$I$200*0.01)))) -> 1 | H28: =IF($B28="",0,COUNTIFS(SMIX2AT!$D$2:$D$200,$B28,SMIX2AT!$H$2:$H$200,"P3")) -> 0 | I28: =MAX(0.5,MIN(1.5,1+IF($B28="",0,SUMPRODUCT((SMIX2AT!$D$2:$D$200=$B28)*(SMIX2AT!$H$2:$H$200="P3")*SMIX2AT!$I$2:$I$200*0.01)))) -> 1 | J28: =IF($B28="",0,COUNTIFS(SMIX2AT!$D$2:$D$200,$B28,SMIX2AT!$H$2:$H$200,"P4")) -> 0 | K28: =MAX(0.5,MIN(1.5,1+IF($B28="",0,SUMPRODUCT((SMIX2AT!$D$2:$D$200=$B28)*(SMIX2AT!$H$2:$H$200="P4")*SMIX2AT!$I$2:$I$200*0.01)))) -> 1 | L28: =IF($B28="",0,COUNTIFS(SMIX2AT!$D$2:$D$200,$B28,SMIX2AT!$H$2:$H$200,"P5")) -> 0 | M28: =MAX(0.5,MIN(1.5,1+IF($B28="",0,SUMPRODUCT((SMIX2AT!$D$2:$D$200=$B28)*(SMIX2AT!$H$2:$H$200="P5")*SMIX2AT!$I$2:$I$200*0.01)))) -> 1 | N28: =IF($B28="",0,IFERROR(SUMPRODUCT((SMIX2AT!$D$2:$D$200=$B28)*SMIX2AT!$I$2:$I$200),0)) -> 0 | O28: =D28+F28+H28+J28+L28 -> 0
D29: =IF($B29="",0,COUNTIFS(SMIX2AT!$D$2:$D$200,$B29,SMIX2AT!$H$2:$H$200,"P1")) -> 0 | E29: =MAX(0.5,MIN(1.5,1+IF($B29="",0,SUMPRODUCT((SMIX2AT!$D$2:$D$200=$B29)*(SMIX2AT!$H$2:$H$200="P1")*SMIX2AT!$I$2:$I$200*0.01)))) -> 1 | F29: =IF($B29="",0,COUNTIFS(SMIX2AT!$D$2:$D$200,$B29,SMIX2AT!$H$2:$H$200,"P2")) -> 0 | G29: =MAX(0.5,MIN(1.5,1+IF($B29="",0,SUMPRODUCT((SMIX2AT!$D$2:$D$200=$B29)*(SMIX2AT!$H$2:$H$200="P2")*SMIX2AT!$I$2:$I$200*0.01)))) -> 1 | H29: =IF($B29="",0,COUNTIFS(SMIX2AT!$D$2:$D$200,$B29,SMIX2AT!$H$2:$H$200,"P3")) -> 0 | I29: =MAX(0.5,MIN(1.5,1+IF($B29="",0,SUMPRODUCT((SMIX2AT!$D$2:$D$200=$B29)*(SMIX2AT!$H$2:$H$200="P3")*SMIX2AT!$I$2:$I$200*0.01)))) -> 1 | J29: =IF($B29="",0,COUNTIFS(SMIX2AT!$D$2:$D$200,$B29,SMIX2AT!$H$2:$H$200,"P4")) -> 0 | K29: =MAX(0.5,MIN(1.5,1+IF($B29="",0,SUMPRODUCT((SMIX2AT!$D$2:$D$200=$B29)*(SMIX2AT!$H$2:$H$200="P4")*SMIX2AT!$I$2:$I$200*0.01)))) -> 1 | L29: =IF($B29="",0,COUNTIFS(SMIX2AT!$D$2:$D$200,$B29,SMIX2AT!$H$2:$H$200,"P5")) -> 0 | M29: =MAX(0.5,MIN(1.5,1+IF($B29="",0,SUMPRODUCT((SMIX2AT!$D$2:$D$200=$B29)*(SMIX2AT!$H$2:$H$200="P5")*SMIX2AT!$I$2:$I$200*0.01)))) -> 1 | N29: =IF($B29="",0,IFERROR(SUMPRODUCT((SMIX2AT!$D$2:$D$200=$B29)*SMIX2AT!$I$2:$I$200),0)) -> 0 | O29: =D29+F29+H29+J29+L29 -> 0
D30: =IF($B30="",0,COUNTIFS(SMIX2AT!$D$2:$D$200,$B30,SMIX2AT!$H$2:$H$200,"P1")) -> 0 | E30: =MAX(0.5,MIN(1.5,1+IF($B30="",0,SUMPRODUCT((SMIX2AT!$D$2:$D$200=$B30)*(SMIX2AT!$H$2:$H$200="P1")*SMIX2AT!$I$2:$I$200*0.01)))) -> 1 | F30: =IF($B30="",0,COUNTIFS(SMIX2AT!$D$2:$D$200,$B30,SMIX2AT!$H$2:$H$200,"P2")) -> 0 | G30: =MAX(0.5,MIN(1.5,1+IF($B30="",0,SUMPRODUCT((SMIX2AT!$D$2:$D$200=$B30)*(SMIX2AT!$H$2:$H$200="P2")*SMIX2AT!$I$2:$I$200*0.01)))) -> 1 | H30: =IF($B30="",0,COUNTIFS(SMIX2AT!$D$2:$D$200,$B30,SMIX2AT!$H$2:$H$200,"P3")) -> 0 | I30: =MAX(0.5,MIN(1.5,1+IF($B30="",0,SUMPRODUCT((SMIX2AT!$D$2:$D$200=$B30)*(SMIX2AT!$H$2:$H$200="P3")*SMIX2AT!$I$2:$I$200*0.01)))) -> 1 | J30: =IF($B30="",0,COUNTIFS(SMIX2AT!$D$2:$D$200,$B30,SMIX2AT!$H$2:$H$200,"P4")) -> 0 | K30: =MAX(0.5,MIN(1.5,1+IF($B30="",0,SUMPRODUCT((SMIX2AT!$D$2:$D$200=$B30)*(SMIX2AT!$H$2:$H$200="P4")*SMIX2AT!$I$2:$I$200*0.01)))) -> 1 | L30: =IF($B30="",0,COUNTIFS(SMIX2AT!$D$2:$D$200,$B30,SMIX2AT!$H$2:$H$200,"P5")) -> 0 | M30: =MAX(0.5,MIN(1.5,1+IF($B30="",0,SUMPRODUCT((SMIX2AT!$D$2:$D$200=$B30)*(SMIX2AT!$H$2:$H$200="P5")*SMIX2AT!$I$2:$I$200*0.01)))) -> 1 | N30: =IF($B30="",0,IFERROR(SUMPRODUCT((SMIX2AT!$D$2:$D$200=$B30)*SMIX2AT!$I$2:$I$200),0)) -> 0 | O30: =D30+F30+H30+J30+L30 -> 0
A31: Recull incidències per alumne | C31: Selector alumne | D31: =IF($B31="",0,COUNTIFS(SMIX2AT!$D$2:$D$200,$B31,SMIX2AT!$H$2:$H$200,"P1")) -> 0 | E31: =MAX(0.5,MIN(1.5,1+IF($B31="",0,SUMPRODUCT((SMIX2AT!$D$2:$D$200=$B31)*(SMIX2AT!$H$2:$H$200="P1")*SMIX2AT!$I$2:$I$200*0.01)))) -> 1 | F31: =IF($B31="",0,COUNTIFS(SMIX2AT!$D$2:$D$200,$B31,SMIX2AT!$H$2:$H$200,"P2")) -> 0 | G31: =MAX(0.5,MIN(1.5,1+IF($B31="",0,SUMPRODUCT((SMIX2AT!$D$2:$D$200=$B31)*(SMIX2AT!$H$2:$H$200="P2")*SMIX2AT!$I$2:$I$200*0.01)))) -> 1 | H31: =IF($B31="",0,COUNTIFS(SMIX2AT!$D$2:$D$200,$B31,SMIX2AT!$H$2:$H$200,"P3")) -> 0 | I31: =MAX(0.5,MIN(1.5,1+IF($B31="",0,SUMPRODUCT((SMIX2AT!$D$2:$D$200=$B31)*(SMIX2AT!$H$2:$H$200="P3")*SMIX2AT!$I$2:$I$200*0.01)))) -> 1 | J31: =IF($B31="",0,COUNTIFS(SMIX2AT!$D$2:$D$200,$B31,SMIX2AT!$H$2:$H$200,"P4")) -> 0 | K31: =MAX(0.5,MIN(1.5,1+IF($B31="",0,SUMPRODUCT((SMIX2AT!$D$2:$D$200=$B31)*(SMIX2AT!$H$2:$H$200="P4")*SMIX2AT!$I$2:$I$200*0.01)))) -> 1 | L31: =IF($B31="",0,COUNTIFS(SMIX2AT!$D$2:$D$200,$B31,SMIX2AT!$H$2:$H$200,"P5")) -> 0 | M31: =MAX(0.5,MIN(1.5,1+IF($B31="",0,SUMPRODUCT((SMIX2AT!$D$2:$D$200=$B31)*(SMIX2AT!$H$2:$H$200="P5")*SMIX2AT!$I$2:$I$200*0.01)))) -> 1 | N31: =IF($B31="",0,IFERROR(SUMPRODUCT((SMIX2AT!$D$2:$D$200=$B31)*SMIX2AT!$I$2:$I$200),0)) -> 0 | O31: =D31+F31+H31+J31+L31 -> 0
A32: Query que llista les observacions de millors a pitjors durant el període de treball | D32: =IF($B32="",0,COUNTIFS(SMIX2AT!$D$2:$D$200,$B32,SMIX2AT!$H$2:$H$200,"P1")) -> 0 | E32: =MAX(0.5,MIN(1.5,1+IF($B32="",0,SUMPRODUCT((SMIX2AT!$D$2:$D$200=$B32)*(SMIX2AT!$H$2:$H$200="P1")*SMIX2AT!$I$2:$I$200*0.01)))) -> 1 | F32: =IF($B32="",0,COUNTIFS(SMIX2AT!$D$2:$D$200,$B32,SMIX2AT!$H$2:$H$200,"P2")) -> 0 | G32: =MAX(0.5,MIN(1.5,1+IF($B32="",0,SUMPRODUCT((SMIX2AT!$D$2:$D$200=$B32)*(SMIX2AT!$H$2:$H$200="P2")*SMIX2AT!$I$2:$I$200*0.01)))) -> 1 | H32: =IF($B32="",0,COUNTIFS(SMIX2AT!$D$2:$D$200,$B32,SMIX2AT!$H$2:$H$200,"P3")) -> 0 | I32: =MAX(0.5,MIN(1.5,1+IF($B32="",0,SUMPRODUCT((SMIX2AT!$D$2:$D$200=$B32)*(SMIX2AT!$H$2:$H$200="P3")*SMIX2AT!$I$2:$I$200*0.01)))) -> 1 | J32: =IF($B32="",0,COUNTIFS(SMIX2AT!$D$2:$D$200,$B32,SMIX2AT!$H$2:$H$200,"P4")) -> 0 | K32: =MAX(0.5,MIN(1.5,1+IF($B32="",0,SUMPRODUCT((SMIX2AT!$D$2:$D$200=$B32)*(SMIX2AT!$H$2:$H$200="P4")*SMIX2AT!$I$2:$I$200*0.01)))) -> 1 | L32: =IF($B32="",0,COUNTIFS(SMIX2AT!$D$2:$D$200,$B32,SMIX2AT!$H$2:$H$200,"P5")) -> 0 | M32: =MAX(0.5,MIN(1.5,1+IF($B32="",0,SUMPRODUCT((SMIX2AT!$D$2:$D$200=$B32)*(SMIX2AT!$H$2:$H$200="P5")*SMIX2AT!$I$2:$I$200*0.01)))) -> 1 | N32: =IF($B32="",0,IFERROR(SUMPRODUCT((SMIX2AT!$D$2:$D$200=$B32)*SMIX2AT!$I$2:$I$200),0)) -> 0 | O32: =D32+F32+H32+J32+L32 -> 0

Sheet SMIX2BT
A1: Marca de temps | B1: Adreça electrònica | C1: Professor | D1: Alumne | E1: Competència transversal observada | F1: Valoració | G1: Descripció breu del comportament observat | H1: Quin projecte estem fent? | I1: Puntuació
I2: =IF(F2="",0,IFERROR(VALUE(LEFT(TRIM(F2),FIND(" ",TRIM(F2))-1)),0)) -> 0
I3: =IF(F3="",0,IFERROR(VALUE(LEFT(TRIM(F3),FIND(" ",TRIM(F3))-1)),0)) -> 0
I4: =IF(F4="",0,IFERROR(VALUE(LEFT(TRIM(F4),FIND(" ",TRIM(F4))-1)),0)) -> 0
I5: =IF(F5="",0,IFERROR(VALUE(LEFT(TRIM(F5),FIND(" ",TRIM(F5))-1)),0)) -> 0
I6: =IF(F6="",0,IFERROR(VALUE(LEFT(TRIM(F6),FIND(" ",TRIM(F6))-1)),0)) -> 0
I7: =IF(F7="",0,IFERROR(VALUE(LEFT(TRIM(F7),FIND(" ",TRIM(F7))-1)),0)) -> 0
I8: =IF(F8="",0,IFERROR(VALUE(LEFT(TRIM(F8),FIND(" ",TRIM(F8))-1)),0)) -> 0
I9: =IF(F9="",0,IFERROR(VALUE(LEFT(TRIM(F9),FIND(" ",TRIM(F9))-1)),0)) -> 0
I10: =IF(F10="",0,IFERROR(VALUE(LEFT(TRIM(F10),FIND(" ",TRIM(F10))-1)),0)) -> 0
I11: =IF(F11="",0,IFERROR(VALUE(LEFT(TRIM(F11),FIND(" ",TRIM(F11))-1)),0)) -> 0
I12: =IF(F12="",0,IFERROR(VALUE(LEFT(TRIM(F12),FIND(" ",TRIM(F12))-1)),0)) -> 0
I13: =IF(F13="",0,IFERROR(VALUE(LEFT(TRIM(F13),FIND(" ",TRIM(F13))-1)),0)) -> 0
... I200: =IF(F200="",0,IFERROR(VALUE(LEFT(TRIM(F200),FIND(" ",TRIM(F200))-1)),0)) -> 0

Sheet Alumnes_B
A1: SMIX2CT
A2: Nom i cognoms | B2: Cognoms, nom | C2: correu | D2: P1-obs | E2: P1-balanç | F2: P2-obs | G2: P2-balanç | H2: P3-obs | I2: P3-balanç | J2: P4-obs | K2: P4-balanç | L2: P5-obs | M2: P5-balanç | N2: Puntuació neta | O2: Total observacions
A3: Rodrigo Jesus Corredor Garcia | C3: rjcorredor@alumnat.copernic.cat | D3: =IF($B3="",0,COUNTIFS(SMIX2BT!$D$2:$D$200,$B3,SMIX2BT!$H$2:$H$200,"P1")) -> 0 | E3: =MAX(0.5,MIN(1.5,1+IF($B3="",0,SUMPRODUCT((SMIX2BT!$D$2:$D$200=$B3)*(SMIX2BT!$H$2:$H$200="P1")*SMIX2BT!$I$2:$I$200*0.01)))) -> 1 | F3: =IF($B3="",0,COUNTIFS(SMIX2BT!$D$2:$D$200,$B3,SMIX2BT!$H$2:$H$200,"P2")) -> 0 | G3: =MAX(0.5,MIN(1.5,1+IF($B3="",0,SUMPRODUCT((SMIX2BT!$D$2:$D$200=$B3)*(SMIX2BT!$H$2:$H$200="P2")*SMIX2BT!$I$2:$I$200*0.01)))) -> 1 | H3: =IF($B3="",0,COUNTIFS(SMIX2BT!$D$2:$D$200,$B3,SMIX2BT!$H$2:$H$200,"P3")) -> 0 | I3: =MAX(0.5,MIN(1.5,1+IF($B3="",0,SUMPRODUCT((SMIX2BT!$D$2:$D$200=$B3)*(SMIX2BT!$H$2:$H$200="P3")*SMIX2BT!$I$2:$I$200*0.01)))) -> 1 | J3: =IF($B3="",0,COUNTIFS(SMIX2BT!$D$2:$D$200,$B3,SMIX2BT!$H$2:$H$200,"P4")) -> 0 | K3: =MAX(0.5,MIN(1.5,1+IF($B3="",0,SUMPRODUCT((SMIX2BT!$D$2:$D$200=$B3)*(SMIX2BT!$H$2:$H$200="P4")*SMIX2BT!$I$2:$I$200*0.01)))) -> 1 | L3: =IF($B3="",0,COUNTIFS(SMIX2BT!$D$2:$D$200,$B3,SMIX2BT!$H$2:$H$200,"P5")) -> 0 | M3: =MAX(0.5,MIN(1.5,1+IF($B3="",0,SUMPRODUCT((SMIX2BT!$D$2:$D$200=$B3)*(SMIX2BT!$H$2:$H$200="P5")*SMIX2BT!$I$2:$I$200*0.01)))) -> 1 | N3: =IF($B3="",0,IFERROR(SUMPRODUCT((SMIX2BT!$D$2:$D$200=$B3)*SMIX2BT!$I$2:$I$200),0)) -> 0 | O3: =D3+F3+H3+J3+L3 -> 0
A4: Oussama El Idrissi | C4: oelidrissi@alumnat.copernic.cat | D4: =IF($B4="",0,COUNTIFS(SMIX2BT!$D$2:$D$200,$B4,SMIX2BT!$H$2:$H$200,"P1")) -> 0 | E4: =MAX(0.5,MIN(1.5,1+IF($B4="",0,SUMPRODUCT((SMIX2BT!$D$2:$D$200=$B4)*(SMIX2BT!$H$2:$H$200="P1")*SMIX2BT!$I$2:$I$200*0.01)))) -> 1 | F4: =IF($B4="",0,COUNTIFS(SMIX2BT!$D$2:$D$200,$B4,SMIX2BT!$H$2:$H$200,"P2")) -> 0 | G4: =MAX(0.5,MIN(1.5,1+IF($B4="",0,SUMPRODUCT((SMIX2BT!$D$2:$D$200=$B4)*(SMIX2BT!$H$2:$H$200="P2")*SMIX2BT!$I$2:$I$200*0.01)))) -> 1 | H4: =IF($B4="",0,COUNTIFS(SMIX2BT!$D$2:$D$200,$B4,SMIX2BT!$H$2:$H$200,"P3")) -> 0 | I4: =MAX(0.5,MIN(1.5,1+IF($B4="",0,SUMPRODUCT((SMIX2BT!$D$2:$D$200=$B4)*(SMIX2BT!$H$2:$H$200="P3")*SMIX2BT!$I$2:$I$200*0.01)))) -> 1 | J4: =IF($B4="",0,COUNTIFS(SMIX2BT!$D$2:$D$200,$B4,SMIX2BT!$H$2:$H$200,"P4")) -> 0 | K4: =MAX(0.5,MIN(1.5,1+IF($B4="",0,SUMPRODUCT((SMIX2BT!$D$2:$D$200=$B4)*(SMIX2BT!$H$2:$H$200="P4")*SMIX2BT!$I$2:$I$200*0.01)))) -> 1 | L4: =IF($B4="",0,COUNTIFS(SMIX2BT!$D$2:$D$200,$B4,SMIX2BT!$H$2:$H$200,"P5")) -> 0 | M4: =MAX(0.5,MIN(1.5,1+IF($B4="",0,SUMPRODUCT((SMIX2BT!$D$2:$D$200=$B4)*(SMIX2BT!$H$2:$H$200="P5")*SMIX2BT!$I$2:$I$200*0.01)))) -> 1 | N4: =IF($B4="",0,IFERROR(SUMPRODUCT((SMIX2BT!$D$2:$D$200=$B4)*SMIX2BT!$I$2:$I$200),0)) -> 0 | O4: =D4+F4+H4+J4+L4 -> 0
A5: Aitor Fenoy Fernández | C5: afenoy@alumnat.copernic.cat | D5: =IF($B5="",0,COUNTIFS(SMIX2BT!$D$2:$D$200,$B5,SMIX2BT!$H$2:$H$200,"P1")) -> 0 | E5: =MAX(0.5,MIN(1.5,1+IF($B5="",0,SUMPRODUCT((SMIX2BT!$D$2:$D$200=$B5)*(SMIX2BT!$H$2:$H$200="P1")*SMIX2BT!$I$2:$I$200*0.01)))) -> 1 | F5: =IF($B5="",0,COUNTIFS(SMIX2BT!$D$2:$D$200,$B5,SMIX2BT!$H$2:$H$200,"P2")) -> 0 | G5: =MAX(0.5,MIN(1.5,1+IF($B5="",0,SUMPRODUCT((SMIX2BT!$D$2:$D$200=$B5)*(SMIX2BT!$H$2:$H$200="P2")*SMIX2BT!$I$2:$I$200*0.01)))) -> 1 | H5: =IF($B5="",0,COUNTIFS(SMIX2BT!$D$2:$D$200,$B5,SMIX2BT!$H$2:$H$200,"P3")) -> 0 | I5: =MAX(0.5,MIN(1.5,1+IF($B5="",0,SUMPRODUCT((SMIX2BT!$D$2:$D$200=$B5)*(SMIX2BT!$H$2:$H$200="P3")*SMIX2BT!$I$2:$I$200*0.01)))) -> 1 | J5: =IF($B5="",0,COUNTIFS(SMIX2BT!$D$2:$D$200,$B5,SMIX2BT!$H$2:$H$200,"P4")) -> 0 | K5: =MAX(0.5,MIN(1.5,1+IF($B5="",0,SUMPRODUCT((SMIX2BT!$D$2:$D$200=$B5)*(SMIX2BT!$H$2:$H$200="P4")*SMIX2BT!$I$2:$I$200*0.01)))) -> 1 | L5: =IF($B5="",0,COUNTIFS(SMIX2BT!$D$2:$D$200,$B5,SMIX2BT!$H$2:$H$200,"P5")) -> 0 | M5: =MAX(0.5,MIN(1.5,1+IF($B5="",0,SUMPRODUCT((SMIX2BT!$D$2:$D$200=$B5)*(SMIX2BT!$H$2:$H$200="P5")*SMIX2BT!$I$2:$I$200*0.01)))) -> 1 | N5: =IF($B5="",0,IFERROR(SUMPRODUCT((SMIX2BT!$D$2:$D$200=$B5)*SMIX2BT!$I$2:$I$200),0)) -> 0 | O5: =D5+F5+H5+J5+L5 -> 0
A6: Aitor Fernández Bernabé | C6: afernandez2@alumnat.copernic.cat | D6: =IF($B6="",0,COUNTIFS(SMIX2BT!$D$2:$D$200,$B6,SMIX2BT!$H$2:$H$200,"P1")) -> 0 | E6: =MAX(0.5,MIN(1.5,1+IF($B6="",0,SUMPRODUCT((SMIX2BT!$D$2:$D$200=$B6)*(SMIX2BT!$H$2:$H$200="P1")*SMIX2BT!$I$2:$I$200*0.01)))) -> 1 | F6: =IF($B6="",0,COUNTIFS(SMIX2BT!$D$2:$D$200,$B6,SMIX2BT!$H$2:$H$200,"P2")) -> 0 | G6: =MAX(0.5,MIN(1.5,1+IF($B6="",0,SUMPRODUCT((SMIX2BT!$D$2:$D$200=$B6)*(SMIX2BT!$H$2:$H$200="P2")*SMIX2BT!$I$2:$I$200*0.01)))) -> 1 | H6: =IF($B6="",0,COUNTIFS(SMIX2BT!$D$2:$D$200,$B6,SMIX2BT!$H$2:$H$200,"P3")) -> 0 | I6: =MAX(0.5,MIN(1.5,1+IF($B6="",0,SUMPRODUCT((SMIX2BT!$D$2:$D$200=$B6)*(SMIX2BT!$H$2:$H$200="P3")*SMIX2BT!$I$2:$I$200*0.01)))) -> 1 | J6: =IF($B6="",0,COUNTIFS(SMIX2BT!$D$2:$D$200,$B6,SMIX2BT!$H$2:$H$200,"P4")) -> 0 | K6: =MAX(0.5,MIN(1.5,1+IF($B6="",0,SUMPRODUCT((SMIX2BT!$D$2:$D$200=$B6)*(SMIX2BT!$H$2:$H$200="P4")*SMIX2BT!$I$2:$I$200*0.01)))) -> 1 | L6: =IF($B6="",0,COUNTIFS(SMIX2BT!$D$2:$D$200,$B6,SMIX2BT!$H$2:$H$200,"P5")) -> 0 | M6: =MAX(0.5,MIN(1.5,1+IF($B6="",0,SUMPRODUCT((SMIX2BT!$D$2:$D$200=$B6)*(SMIX2BT!$H$2:$H$200="P5")*SMIX2BT!$I$2:$I$200*0.01)))) -> 1 | N6: =IF($B6="",0,IFERROR(SUMPRODUCT((SMIX2BT!$D$2:$D$200=$B6)*SMIX2BT!$I$2:$I$200),0)) -> 0 | O6: =D6+F6+H6+J6+L6 -> 0
A7: Albert Gálvez García | C7: agalvez@alumnat.copernic.cat | D7: =IF($B7="",0,COUNTIFS(SMIX2BT!$D$2:$D$200,$B7,SMIX2BT!$H$2:$H$200,"P1")) -> 0 | E7: =MAX(0.5,MIN(1.5,1+IF($B7="",0,SUMPRODUCT((SMIX2BT!$D$2:$D$200=$B7)*(SMIX2BT!$H$2:$H$200="P1")*SMIX2BT!$I$2:$I$200*0.01)))) -> 1 | F7: =IF($B7="",0,COUNTIFS(SMIX2BT!$D$2:$D$200,$B7,SMIX2BT!$H$2:$H$200,"P2")) -> 0 | G7: =MAX(0.5,MIN(1.5,1+IF($B7="",0,SUMPRODUCT((SMIX2BT!$D$2:$D$200=$B7)*(SMIX2BT!$H$2:$H$200="P2")*SMIX2BT!$I$2:$I$200*0.01)))) -> 1 | H7: =IF($B7="",0,COUNTIFS(SMIX2BT!$D$2:$D$200,$B7,SMIX2BT!$H$2:$H$200,"P3")) -> 0 | I7: =MAX(0.5,MIN(1.5,1+IF($B7="",0,SUMPRODUCT((SMIX2BT!$D$2:$D$200=$B7)*(SMIX2BT!$H$2:$H$200="P3")*SMIX2BT!$I$2:$I$200*0.01)))) -> 1 | J7: =IF($B7="",0,COUNTIFS(SMIX2BT!$D$2:$D$200,$B7,SMIX2BT!$H$2:$H$200,"P4")) -> 0 | K7: =MAX(0.5,MIN(1.5,1+IF($B7="",0,SUMPRODUCT((SMIX2BT!$D$2:$D$200=$B7)*(SMIX2BT!$H$2:$H$200="P4")*SMIX2BT!$I$2:$I$200*0.01)))) -> 1 | L7: =IF($B7="",0,COUNTIFS(SMIX2BT!$D$2:$D$200,$B7,SMIX2BT!$H$2:$H$200,"P5")) -> 0 | M7: =MAX(0.5,MIN(1.5,1+IF($B7="",0,SUMPRODUCT((SMIX2BT!$D$2:$D$200=$B7)*(SMIX2BT!$H$2:$H$200="P5")*SMIX2BT!$I$2:$I$200*0.01)))) -> 1 | N7: =IF($B7="",0,IFERROR(SUMPRODUCT((SMIX2BT!$D$2:$D$200=$B7)*SMIX2BT!$I$2:$I$200),0)) -> 0 | O7: =D7+F7+H7+J7+L7 -> 0
A8: Nicolas Francisco González Navarro | C8: nfgonzalez@alumnat.copernic.cat | D8: =IF($B8="",0,COUNTIFS(SMIX2BT!$D$2:$D$200,$B8,SMIX2BT!$H$2:$H$200,"P1")) -> 0 | E8: =MAX(0.5,MIN(1.5,1+IF($B8="",0,SUMPRODUCT((SMIX2BT!$D$2:$D$200=$B8)*(SMIX2BT!$H$2:$H$200="P1")*SMIX2BT!$I$2:$I$200*0.01)))) -> 1 | F8: =IF($B8="",0,COUNTIFS(SMIX2BT!$D$2:$D$200,$B8,SMIX2BT!$H$2:$H$200,"P2")) -> 0 | G8: =MAX(0.5,MIN(1.5,1+IF($B8="",0,SUMPRODUCT((SMIX2BT!$D$2:$D$200=$B8)*(SMIX2BT!$H$2:$H$200="P2")*SMIX2BT!$I$2:$I$200*0.01)))) -> 1 | H8: =IF($B8="",0,COUNTIFS(SMIX2BT!$D$2:$D$200,$B8,SMIX2BT!$H$2:$H$200,"P3")) -> 0 | I8: =MAX(0.5,MIN(1.5,1+IF($B8="",0,SUMPRODUCT((SMIX2BT!$D$2:$D$200=$B8)*(SMIX2BT!$H$2:$H$200="P3")*SMIX2BT!$I$2:$I$200*0.01)))) -> 1 | J8: =IF($B8="",0,COUNTIFS(SMIX2BT!$D$2:$D$200,$B8,SMIX2BT!$H$2:$H$200,"P4")) -> 0 | K8: =MAX(0.5,MIN(1.5,1+IF($B8="",0,SUMPRODUCT((SMIX2BT!$D$2:$D$200=$B8)*(SMIX2BT!$H$2:$H$200="P4")*SMIX2BT!$I$2:$I$200*0.01)))) -> 1 | L8: =IF($B8="",0,COUNTIFS(SMIX2BT!$D$2:$D$200,$B8,SMIX2BT!$H$2:$H$200,"P5")) -> 0 | M8: =MAX(0.5,MIN(1.5,1+IF($B8="",0,SUMPRODUCT((SMIX2BT!$D$2:$D$200=$B8)*(SMIX2BT!$H$2:$H$200="P5")*SMIX2BT!$I$2:$I$200*0.01)))) -> 1 | N8: =IF($B8="",0,IFERROR(SUMPRODUCT((SMIX2BT!$D$2:$D$200=$B8)*SMIX2BT!$I$2:$I$200),0)) -> 0 | O8: =D8+F8+H8+J8+L8 -> 0
A9: Eric Iborra Polo | C9: eiborra@alumnat.copernic.cat | D9: =IF($B9="",0,COUNTIFS(SMIX2BT!$D$2:$D$200,$B9,SMIX2BT!$H$2:$H$200,"P1")) -> 0 | E9: =MAX(0.5,MIN(1.5,1+IF($B9="",0,SUMPRODUCT((SMIX2BT!$D$2:$D$200=$B9)*(SMIX2BT!$H$2:$H$200="P1")*SMIX2BT!$I$2:$I$200*0.01)))) -> 1 | F9: =IF($B9="",0,COUNTIFS(SMIX2BT!$D$2:$D$200,$B9,SMIX2BT!$H$2:$H$200,"P2")) -> 0 | G9: =MAX(0.5,MIN(1.5,1+IF($B9="",0,SUMPRODUCT((SMIX2BT!$D$2:$D$200=$B9)*(SMIX2BT!$H$2:$H$200="P2")*SMIX2BT!$I$2:$I$200*0.01)))) -> 1 | H9: =IF($B9="",0,COUNTIFS(SMIX2BT!$D$2:$D$200,$B9,SMIX2BT!$H$2:$H$200,"P3")) -> 0 | I9: =MAX(0.5,MIN(1.5,1+IF($B9="",0,SUMPRODUCT((SMIX2BT!$D$2:$D$200=$B9)*(SMIX2BT!$H$2:$H$200="P3")*SMIX2BT!$I$2:$I$200*0.01)))) -> 1 | J9: =IF($B9="",0,COUNTIFS(SMIX2BT!$D$2:$D$200,$B9,SMIX2BT!$H$2:$H$200,"P4")) -> 0 | K9: =MAX(0.5,MIN(1.5,1+IF($B9="",0,SUMPRODUCT((SMIX2BT!$D$2:$D$200=$B9)*(SMIX2BT!$H$2:$H$200="P4")*SMIX2BT!$I$2:$I$200*0.01)))) -> 1 | L9: =IF($B9="",0,COUNTIFS(SMIX2BT!$D$2:$D$200,$B9,SMIX2BT!$H$2:$H$200,"P5")) -> 0 | M9: =MAX(0.5,MIN(1.5,1+IF($B9="",0,SUMPRODUCT((SMIX2BT!$D$2:$D$200=$B9)*(SMIX2BT!$H$2:$H$200="P5")*SMIX2BT!$I$2:$I$200*0.01)))) -> 1 | N9: =IF($B9="",0,IFERROR(SUMPRODUCT((SMIX2BT!$D$2:$D$200=$B9)*SMIX2BT!$I$2:$I$200),0)) -> 0 | O9: =D9+F9+H9+J9+L9 -> 0
A10: Hugo Magdaleno Martinez | C10: hmagdaleno@alumnat.copernic.cat | D10: =IF($B10="",0,COUNTIFS(SMIX2BT!$D$2:$D$200,$B10,SMIX2BT!$H$2:$H$200,"P1")) -> 0 | E10: =MAX(0.5,MIN(1.5,1+IF($B10="",0,SUMPRODUCT((SMIX2BT!$D$2:$D$200=$B10)*(SMIX2BT!$H$2:$H$200="P1")*SMIX2BT!$I$2:$I$200*0.01)))) -> 1 | F10: =IF($B10="",0,COUNTIFS(SMIX2BT!$D$2:$D$200,$B10,SMIX2BT!$H$2:$H$200,"P2")) -> 0 | G10: =MAX(0.5,MIN(1.5,1+IF($B10="",0,SUMPRODUCT((SMIX2BT!$D$2:$D$200=$B10)*(SMIX2BT!$H$2:$H$200="P2")*SMIX2BT!$I$2:$I$200*0.01)))) -> 1 | H10: =IF($B10="",0,COUNTIFS(SMIX2BT!$D$2:$D$200,$B10,SMIX2BT!$H$2:$H$200,"P3")) -> 0 | I10: =MAX(0.5,MIN(1.5,1+IF($B10="",0,SUMPRODUCT((SMIX2BT!$D$2:$D$200=$B10)*(SMIX2BT!$H$2:$H$200="P3")*SMIX2BT!$I$2:$I$200*0.01)))) -> 1 | J10: =IF($B10="",0,COUNTIFS(SMIX2BT!$D$2:$D$200,$B10,SMIX2BT!$H$2:$H$200,"P4")) -> 0 | K10: =MAX(0.5,MIN(1.5,1+IF($B10="",0,SUMPRODUCT((SMIX2BT!$D$2:$D$200=$B10)*(SMIX2BT!$H$2:$H$200="P4")*SMIX2BT!$I$2:$I$200*0.01)))) -> 1 | L10: =IF($B10="",0,COUNTIFS(SMIX2BT!$D$2:$D$200,$B10,SMIX2BT!$H$2:$H$200,"P5")) -> 0 | M10: =MAX(0.5,MIN(1.5,1+IF($B10="",0,SUMPRODUCT((SMIX2BT!$D$2:$D$200=$B10)*(SMIX2BT!$H$2:$H$200="P5")*SMIX2BT!$I$2:$I$200*0.01)))) -> 1 | N10: =IF($B10="",0,IFERROR(SUMPRODUCT((SMIX2BT!$D$2:$D$200=$B10)*SMIX2BT!$I$2:$I$200),0)) -> 0 | O10: =D10+F10+H10+J10+L10 -> 0
A11: Iker Magdaleno Martínez | C11: imagdaleno@alumnat.copernic.cat | D11: =IF($B11="",0,COUNTIFS(SMIX2BT!$D$2:$D$200,$B11,SMIX2BT!$H$2:$H$200,"P1")) -> 0 | E11: =MAX(0.5,MIN(1.5,1+IF($B11="",0,SUMPRODUCT((SMIX2BT!$D$2:$D$200=$B11)*(SMIX2BT!$H$2:$H$200="P1")*SMIX2BT!$I$2:$I$200*0.01)))) -> 1 | F11: =IF($B11="",0,COUNTIFS(SMIX2BT!$D$2:$D$200,$B11,SMIX2BT!$H$2:$H$200,"P2")) -> 0 | G11: =MAX(0.5,MIN(1.5,1+IF($B11="",0,SUMPRODUCT((SMIX2BT!$D$2:$D$200=$B11)*(SMIX2BT!$H$2:$H$200="P2")*SMIX2BT!$I$2:$I$200*0.01)))) -> 1 | H11: =IF($B11="",0,COUNTIFS(SMIX2BT!$D$2:$D$200,$B11,SMIX2BT!$H$2:$H$200,"P3")) -> 0 | I11: =MAX(0.5,MIN(1.5,1+IF($B11="",0,SUMPRODUCT((SMIX2BT!$D$2:$D$200=$B11)*(SMIX2BT!$H$2:$H$200="P3")*SMIX2BT!$I$2:$I$200*0.01)))) -> 1 | J11: =IF($B11="",0,COUNTIFS(SMIX2BT!$D$2:$D$200,$B11,SMIX2BT!$H$2:$H$200,"P4")) -> 0 | K11: =MAX(0.5,MIN(1.5,1+IF($B11="",0,SUMPRODUCT((SMIX2BT!$D$2:$D$200=$B11)*(SMIX2BT!$H$2:$H$200="P4")*SMIX2BT!$I$2:$I$200*0.01)))) -> 1 | L11: =IF($B11="",0,COUNTIFS(SMIX2BT!$D$2:$D$200,$B11,SMIX2BT!$H$2:$H$200,"P5")) -> 0 | M11: =MAX(0.5,MIN(1.5,1+IF($B11="",0,SUMPRODUCT((SMIX2BT!$D$2:$D$200=$B11)*(SMIX2BT!$H$2:$H$200="P5")*SMIX2BT!$I$2:$I$200*0.01)))) -> 1 | N11: =IF($B11="",0,IFERROR(SUMPRODUCT((SMIX2BT!$D$2:$D$200=$B11)*SMIX2BT!$I$2:$I$200),0)) -> 0 | O11: =D11+F11+H11+J11+L11 -> 0
A12: Izan Malagón Martinez | C12: imalagon@alumnat.copernic.cat | D12: =IF($B12="",0,COUNTIFS(SMIX2BT!$D$2:$D$200,$B12,SMIX2BT!$H$2:$H$200,"P1")) -> 0 | E12: =MAX(0.5,MIN(1.5,1+IF($B12="",0,SUMPRODUCT((SMIX2BT!$D$2:$D$200=$B12)*(SMIX2BT!$H$2:$H$200="P1")*SMIX2BT!$I$2:$I$200*0.01)))) -> 1 | F12: =IF($B12="",0,COUNTIFS(SMIX2BT!$D$2:$D$200,$B12,SMIX2BT!$H$2:$H$200,"P2")) -> 0 | G12: =MAX(0.5,MIN(1.5,1+IF($B12="",0,SUMPRODUCT((SMIX2BT!$D$2:$D$200=$B12)*(SMIX2BT!$H$2:$H$200="P2")*SMIX2BT!$I$2:$I$200*0.01)))) -> 1 | H12: =IF($B12="",0,COUNTIFS(SMIX2BT!$D$2:$D$200,$B12,SMIX2BT!$H$2:$H$200,"P3")) -> 0 | I12: =MAX(0.5,MIN(1.5,1+IF($B12="",0,SUMPRODUCT((SMIX2BT!$D$2:$D$200=$B12)*(SMIX2BT!$H$2:$H$200="P3")*SMIX2BT!$I$2:$I$200*0.01)))) -> 1 | J12: =IF($B12="",0,COUNTIFS(SMIX2BT!$D$2:$D$200,$B12,SMIX2BT!$H$2:$H$200,"P4")) -> 0 | K12: =MAX(0.5,MIN(1.5,1+IF($B12="",0,SUMPRODUCT((SMIX2BT!$D$2:$D$200=$B12)*(SMIX2BT!$H$2:$H$200="P4")*SMIX2BT!$I$2:$I$200*0.01)))) -> 1 | L12: =IF($B12="",0,COUNTIFS(SMIX2BT!$D$2:$D$200,$B12,SMIX2BT!$H$2:$H$200,"P5")) -> 0 | M12: =MAX(0.5,MIN(1.5,1+IF($B12="",0,SUMPRODUCT((SMIX2BT!$D$2:$D$200=$B12)*(SMIX2BT!$H$2:$H$200="P5")*SMIX2BT!$I$2:$I$200*0.01)))) -> 1 | N12: =IF($B12="",0,IFERROR(SUMPRODUCT((SMIX2BT!$D$2:$D$200=$B12)*SMIX2BT!$I$2:$I$200),0)) -> 0 | O12: =D12+F12+H12+J12+L12 -> 0
A13: Alexis Martínez Vaca | C13: amartinez5@alumnat.copernic.cat | D13: =IF($B13="",0,COUNTIFS(SMIX2BT!$D$2:$D$200,$B13,SMIX2BT!$H$2:$H$200,"P1")) -> 0 | E13: =MAX(0.5,MIN(1.5,1+IF($B13="",0,SUMPRODUCT((SMIX2BT!$D$2:$D$200=$B13)*(SMIX2BT!$H$2:$H$200="P1")*SMIX2BT!$I$2:$I$200*0.01)))) -> 1 | F13: =IF($B13="",0,COUNTIFS(SMIX2BT!$D$2:$D$200,$B13,SMIX2BT!$H$2:$H$200,"P2")) -> 0 | G13: =MAX(0.5,MIN(1.5,1+IF($B13="",0,SUMPRODUCT((SMIX2BT!$D$2:$D$200=$B13)*(SMIX2BT!$H$2:$H$200="P2")*SMIX2BT!$I$2:$I$200*0.01)))) -> 1 | H13: =IF($B13="",0,COUNTIFS(SMIX2BT!$D$2:$D$200,$B13,SMIX2BT!$H$2:$H$200,"P3")) -> 0 | I13: =MAX(0.5,MIN(1.5,1+IF($B13="",0,SUMPRODUCT((SMIX2BT!$D$2:$D$200=$B13)*(SMIX2BT!$H$2:$H$200="P3")*SMIX2BT!$I$2:$I$200*0.01)))) -> 1 | J13: =IF($B13="",0,COUNTIFS(SMIX2BT!$D$2:$D$200,$B13,SMIX2BT!$H$2:$H$200,"P4")) -> 0 | K13: =MAX(0.5,MIN(1.5,1+IF($B13="",0,SUMPRODUCT((SMIX2BT!$D$2:$D$200=$B13)*(SMIX2BT!$H$2:$H$200="P4")*SMIX2BT!$I$2:$I$200*0.01)))) -> 1 | L13: =IF($B13="",0,COUNTIFS(SMIX2BT!$D$2:$D$200,$B13,SMIX2BT!$H$2:$H$200,"P5")) -> 0 | M13: =MAX(0.5,MIN(1.5,1+IF($B13="",0,SUMPRODUCT((SMIX2BT!$D$2:$D$200=$B13)*(SMIX2BT!$H$2:$H$200="P5")*SMIX2BT!$I$2:$I$200*0.01)))) -> 1 | N13: =IF($B13="",0,IFERROR(SUMPRODUCT((SMIX2BT!$D$2:$D$200=$B13)*SMIX2BT!$I$2:$I$200),0)) -> 0 | O13: =D13+F13+H13+J13+L13 -> 0
A14: Eric Mena Martínez | C14: emena@alumnat.copernic.cat | D14: =IF($B14="",0,COUNTIFS(SMIX2BT!$D$2:$D$200,$B14,SMIX2BT!$H$2:$H$200,"P1")) -> 0 | E14: =MAX(0.5,MIN(1.5,1+IF($B14="",0,SUMPRODUCT((SMIX2BT!$D$2:$D$200=$B14)*(SMIX2BT!$H$2:$H$200="P1")*SMIX2BT!$I$2:$I$200*0.01)))) -> 1 | F14: =IF($B14="",0,COUNTIFS(SMIX2BT!$D$2:$D$200,$B14,SMIX2BT!$H$2:$H$200,"P2")) -> 0 | G14: =MAX(0.5,MIN(1.5,1+IF($B14="",0,SUMPRODUCT((SMIX2BT!$D$2:$D$200=$B14)*(SMIX2BT!$H$2:$H$200="P2")*SMIX2BT!$I$2:$I$200*0.01)))) -> 1 | H14: =IF($B14="",0,COUNTIFS(SMIX2BT!$D$2:$D$200,$B14,SMIX2BT!$H$2:$H$200,"P3")) -> 0 | I14: =MAX(0.5,MIN(1.5,1+IF($B14="",0,SUMPRODUCT((SMIX2BT!$D$2:$D$200=$B14)*(SMIX2BT!$H$2:$H$200="P3")*SMIX2BT!$I$2:$I$200*0.01)))) -> 1 | J14: =IF($B14="",0,COUNTIFS(SMIX2BT!$D$2:$D$200,$B14,SMIX2BT!$H$2:$H$200,"P4")) -> 0 | K14: =MAX(0.5,MIN(1.5,1+IF($B14="",0,SUMPRODUCT((SMIX2BT!$D$2:$D$200=$B14)*(SMIX2BT!$H$2:$H$200="P4")*SMIX2BT!$I$2:$I$200*0.01)))) -> 1 | L14: =IF($B14="",0,COUNTIFS(SMIX2BT!$D$2:$D$200,$B14,SMIX2BT!$H$2:$H$200,"P5")) -> 0 | M14: =MAX(0.5,MIN(1.5,1+IF($B14="",0,SUMPRODUCT((SMIX2BT!$D$2:$D$200=$B14)*(SMIX2BT!$H$2:$H$200="P5")*SMIX2BT!$I$2:$I$200*0.01)))) -> 1 | N14: =IF($B14="",0,IFERROR(SUMPRODUCT((SMIX2BT!$D$2:$D$200=$B14)*SMIX2BT!$I$2:$I$200),0)) -> 0 | O14: =D14+F14+H14+J14+L14 -> 0
... A23: Adam Yedder Fatih | C23: ayedder@alumnat.copernic.cat | D23: =IF($B23="",0,COUNTIFS(SMIX2BT!$D$2:$D$200,$B23,SMIX2BT!$H$2:$H$200,"P1")) -> 0 | E23: =MAX(0.5,MIN(1.5,1+IF($B23="",0,SUMPRODUCT((SMIX2BT!$D$2:$D$200=$B23)*(SMIX2BT!$H$2:$H$200="P1")*SMIX2BT!$I$2:$I$200*0.01)))) -> 1 | F23: =IF($B23="",0,COUNTIFS(SMIX2BT!$D$2:$D$200,$B23,SMIX2BT!$H$2:$H$200,"P2")) -> 0 | G23: =MAX(0.5,MIN(1.5,1+IF($B23="",0,SUMPRODUCT((SMIX2BT!$D$2:$D$200=$B23)*(SMIX2BT!$H$2:$H$200="P2")*SMIX2BT!$I$2:$I$200*0.01)))) -> 1 | H23: =IF($B23="",0,COUNTIFS(SMIX2BT!$D$2:$D$200,$B23,SMIX2BT!$H$2:$H$200,"P3")) -> 0 | I23: =MAX(0.5,MIN(1.5,1+IF($B23="",0,SUMPRODUCT((SMIX2BT!$D$2:$D$200=$B23)*(SMIX2BT!$H$2:$H$200="P3")*SMIX2BT!$I$2:$I$200*0.01)))) -> 1 | J23: =IF($B23="",0,COUNTIFS(SMIX2BT!$D$2:$D$200,$B23,SMIX2BT!$H$2:$H$200,"P4")) -> 0 | K23: =MAX(0.5,MIN(1.5,1+IF($B23="",0,SUMPRODUCT((SMIX2BT!$D$2:$D$200=$B23)*(SMIX2BT!$H$2:$H$200="P4")*SMIX2BT!$I$2:$I$200*0.01)))) -> 1 | L23: =IF($B23="",0,COUNTIFS(SMIX2BT!$D$2:$D$200,$B23,SMIX2BT!$H$2:$H$200,"P5")) -> 0 | M23: =MAX(0.5,MIN(1.5,1+IF($B23="",0,SUMPRODUCT((SMIX2BT!$D$2:$D$200=$B23)*(SMIX2BT!$H$2:$H$200="P5")*SMIX2BT!$I$2:$I$200*0.01)))) -> 1 | N23: =IF($B23="",0,IFERROR(SUMPRODUCT((SMIX2BT!$D$2:$D$200=$B23)*SMIX2BT!$I$2:$I$200),0)) -> 0 | O23: =D23+F23+H23+J23+L23 -> 0
D24: =IF($B24="",0,COUNTIFS(SMIX2BT!$D$2:$D$200,$B24,SMIX2BT!$H$2:$H$200,"P1")) -> 0 | E24: =MAX(0.5,MIN(1.5,1+IF($B24="",0,SUMPRODUCT((SMIX2BT!$D$2:$D$200=$B24)*(SMIX2BT!$H$2:$H$200="P1")*SMIX2BT!$I$2:$I$200*0.01)))) -> 1 | F24: =IF($B24="",0,COUNTIFS(SMIX2BT!$D$2:$D$200,$B24,SMIX2BT!$H$2:$H$200,"P2")) -> 0 | G24: =MAX(0.5,MIN(1.5,1+IF($B24="",0,SUMPRODUCT((SMIX2BT!$D$2:$D$200=$B24)*(SMIX2BT!$H$2:$H$200="P2")*SMIX2BT!$I$2:$I$200*0.01)))) -> 1 | H24: =IF($B24="",0,COUNTIFS(SMIX2BT!$D$2:$D$200,$B24,SMIX2BT!$H$2:$H$200,"P3")) -> 0 | I24: =MAX(0.5,MIN(1.5,1+IF($B24="",0,SUMPRODUCT((SMIX2BT!$D$2:$D$200=$B24)*(SMIX2BT!$H$2:$H$200="P3")*SMIX2BT!$I$2:$I$200*0.01)))) -> 1 | J24: =IF($B24="",0,COUNTIFS(SMIX2BT!$D$2:$D$200,$B24,SMIX2BT!$H$2:$H$200,"P4")) -> 0 | K24: =MAX(0.5,MIN(1.5,1+IF($B24="",0,SUMPRODUCT((SMIX2BT!$D$2:$D$200=$B24)*(SMIX2BT!$H$2:$H$200="P4")*SMIX2BT!$I$2:$I$200*0.01)))) -> 1 | L24: =IF($B24="",0,COUNTIFS(SMIX2BT!$D$2:$D$200,$B24,SMIX2BT!$H$2:$H$200,"P5")) -> 0 | M24: =MAX(0.5,MIN(1.5,1+IF($B24="",0,SUMPRODUCT((SMIX2BT!$D$2:$D$200=$B24)*(SMIX2BT!$H$2:$H$200="P5")*SMIX2BT!$I$2:$I$200*0.01)))) -> 1 | N24: =IF($B24="",0,IFERROR(SUMPRODUCT((SMIX2BT!$D$2:$D$200=$B24)*SMIX2BT!$I$2:$I$200),0)) -> 0 | O24: =D24+F24+H24+J24+L24 -> 0
D25: =IF($B25="",0,COUNTIFS(SMIX2BT!$D$2:$D$200,$B25,SMIX2BT!$H$2:$H$200,"P1")) -> 0 | E25: =MAX(0.5,MIN(1.5,1+IF($B25="",0,SUMPRODUCT((SMIX2BT!$D$2:$D$200=$B25)*(SMIX2BT!$H$2:$H$200="P1")*SMIX2BT!$I$2:$I$200*0.01)))) -> 1 | F25: =IF($B25="",0,COUNTIFS(SMIX2BT!$D$2:$D$200,$B25,SMIX2BT!$H$2:$H$200,"P2")) -> 0 | G25: =MAX(0.5,MIN(1.5,1+IF($B25="",0,SUMPRODUCT((SMIX2BT!$D$2:$D$200=$B25)*(SMIX2BT!$H$2:$H$200="P2")*SMIX2BT!$I$2:$I$200*0.01)))) -> 1 | H25: =IF($B25="",0,COUNTIFS(SMIX2BT!$D$2:$D$200,$B25,SMIX2BT!$H$2:$H$200,"P3")) -> 0 | I25: =MAX(0.5,MIN(1.5,1+IF($B25="",0,SUMPRODUCT((SMIX2BT!$D$2:$D$200=$B25)*(SMIX2BT!$H$2:$H$200="P3")*SMIX2BT!$I$2:$I$200*0.01)))) -> 1 | J25: =IF($B25="",0,COUNTIFS(SMIX2BT!$D$2:$D$200,$B25,SMIX2BT!$H$2:$H$200,"P4")) -> 0 | K25: =MAX(0.5,MIN(1.5,1+IF($B25="",0,SUMPRODUCT((SMIX2BT!$D$2:$D$200=$B25)*(SMIX2BT!$H$2:$H$200="P4")*SMIX2BT!$I$2:$I$200*0.01)))) -> 1 | L25: =IF($B25="",0,COUNTIFS(SMIX2BT!$D$2:$D$200,$B25,SMIX2BT!$H$2:$H$200,"P5")) -> 0 | M25: =MAX(0.5,MIN(1.5,1+IF($B25="",0,SUMPRODUCT((SMIX2BT!$D$2:$D$200=$B25)*(SMIX2BT!$H$2:$H$200="P5")*SMIX2BT!$I$2:$I$200*0.01)))) -> 1 | N25: =IF($B25="",0,IFERROR(SUMPRODUCT((SMIX2BT!$D$2:$D$200=$B25)*SMIX2BT!$I$2:$I$200),0)) -> 0 | O25: =D25+F25+H25+J25+L25 -> 0
D26: =IF($B26="",0,COUNTIFS(SMIX2BT!$D$2:$D$200,$B26,SMIX2BT!$H$2:$H$200,"P1")) -> 0 | E26: =MAX(0.5,MIN(1.5,1+IF($B26="",0,SUMPRODUCT((SMIX2BT!$D$2:$D$200=$B26)*(SMIX2BT!$H$2:$H$200="P1")*SMIX2BT!$I$2:$I$200*0.01)))) -> 1 | F26: =IF($B26="",0,COUNTIFS(SMIX2BT!$D$2:$D$200,$B26,SMIX2BT!$H$2:$H$200,"P2")) -> 0 | G26: =MAX(0.5,MIN(1.5,1+IF($B26="",0,SUMPRODUCT((SMIX2BT!$D$2:$D$200=$B26)*(SMIX2BT!$H$2:$H$200="P2")*SMIX2BT!$I$2:$I$200*0.01)))) -> 1 | H26: =IF($B26="",0,COUNTIFS(SMIX2BT!$D$2:$D$200,$B26,SMIX2BT!$H$2:$H$200,"P3")) -> 0 | I26: =MAX(0.5,MIN(1.5,1+IF($B26="",0,SUMPRODUCT((SMIX2BT!$D$2:$D$200=$B26)*(SMIX2BT!$H$2:$H$200="P3")*SMIX2BT!$I$2:$I$200*0.01)))) -> 1 | J26: =IF($B26="",0,COUNTIFS(SMIX2BT!$D$2:$D$200,$B26,SMIX2BT!$H$2:$H$200,"P4")) -> 0 | K26: =MAX(0.5,MIN(1.5,1+IF($B26="",0,SUMPRODUCT((SMIX2BT!$D$2:$D$200=$B26)*(SMIX2BT!$H$2:$H$200="P4")*SMIX2BT!$I$2:$I$200*0.01)))) -> 1 | L26: =IF($B26="",0,COUNTIFS(SMIX2BT!$D$2:$D$200,$B26,SMIX2BT!$H$2:$H$200,"P5")) -> 0 | M26: =MAX(0.5,MIN(1.5,1+IF($B26="",0,SUMPRODUCT((SMIX2BT!$D$2:$D$200=$B26)*(SMIX2BT!$H$2:$H$200="P5")*SMIX2BT!$I$2:$I$200*0.01)))) -> 1 | N26: =IF($B26="",0,IFERROR(SUMPRODUCT((SMIX2BT!$D$2:$D$200=$B26)*SMIX2BT!$I$2:$I$200),0)) -> 0 | O26: =D26+F26+H26+J26+L26 -> 0
D27: =IF($B27="",0,COUNTIFS(SMIX2BT!$D$2:$D$200,$B27,SMIX2BT!$H$2:$H$200,"P1")) -> 0 | E27: =MAX(0.5,MIN(1.5,1+IF($B27="",0,SUMPRODUCT((SMIX2BT!$D$2:$D$200=$B27)*(SMIX2BT!$H$2:$H$200="P1")*SMIX2BT!$I$2:$I$200*0.01)))) -> 1 | F27: =IF($B27="",0,COUNTIFS(SMIX2BT!$D$2:$D$200,$B27,SMIX2BT!$H$2:$H$200,"P2")) -> 0 | G27: =MAX(0.5,MIN(1.5,1+IF($B27="",0,SUMPRODUCT((SMIX2BT!$D$2:$D$200=$B27)*(SMIX2BT!$H$2:$H$200="P2")*SMIX2BT!$I$2:$I$200*0.01)))) -> 1 | H27: =IF($B27="",0,COUNTIFS(SMIX2BT!$D$2:$D$200,$B27,SMIX2BT!$H$2:$H$200,"P3")) -> 0 | I27: =MAX(0.5,MIN(1.5,1+IF($B27="",0,SUMPRODUCT((SMIX2BT!$D$2:$D$200=$B27)*(SMIX2BT!$H$2:$H$200="P3")*SMIX2BT!$I$2:$I$200*0.01)))) -> 1 | J27: =IF($B27="",0,COUNTIFS(SMIX2BT!$D$2:$D$200,$B27,SMIX2BT!$H$2:$H$200,"P4")) -> 0 | K27: =MAX(0.5,MIN(1.5,1+IF($B27="",0,SUMPRODUCT((SMIX2BT!$D$2:$D$200=$B27)*(SMIX2BT!$H$2:$H$200="P4")*SMIX2BT!$I$2:$I$200*0.01)))) -> 1 | L27: =IF($B27="",0,COUNTIFS(SMIX2BT!$D$2:$D$200,$B27,SMIX2BT!$H$2:$H$200,"P5")) -> 0 | M27: =MAX(0.5,MIN(1.5,1+IF($B27="",0,SUMPRODUCT((SMIX2BT!$D$2:$D$200=$B27)*(SMIX2BT!$H$2:$H$200="P5")*SMIX2BT!$I$2:$I$200*0.01)))) -> 1 | N27: =IF($B27="",0,IFERROR(SUMPRODUCT((SMIX2BT!$D$2:$D$200=$B27)*SMIX2BT!$I$2:$I$200),0)) -> 0 | O27: =D27+F27+H27+J27+L27 -> 0
D28: =IF($B28="",0,COUNTIFS(SMIX2BT!$D$2:$D$200,$B28,SMIX2BT!$H$2:$H$200,"P1")) -> 0 | E28: =MAX(0.5,MIN(1.5,1+IF($B28="",0,SUMPRODUCT((SMIX2BT!$D$2:$D$200=$B28)*(SMIX2BT!$H$2:$H$200="P1")*SMIX2BT!$I$2:$I$200*0.01)))) -> 1 | F28: =IF($B28="",0,COUNTIFS(SMIX2BT!$D$2:$D$200,$B28,SMIX2BT!$H$2:$H$200,"P2")) -> 0 | G28: =MAX(0.5,MIN(1.5,1+IF($B28="",0,SUMPRODUCT((SMIX2BT!$D$2:$D$200=$B28)*(SMIX2BT!$H$2:$H$200="P2")*SMIX2BT!$I$2:$I$200*0.01)))) -> 1 | H28: =IF($B28="",0,COUNTIFS(SMIX2BT!$D$2:$D$200,$B28,SMIX2BT!$H$2:$H$200,"P3")) -> 0 | I28: =MAX(0.5,MIN(1.5,1+IF($B28="",0,SUMPRODUCT((SMIX2BT!$D$2:$D$200=$B28)*(SMIX2BT!$H$2:$H$200="P3")*SMIX2BT!$I$2:$I$200*0.01)))) -> 1 | J28: =IF($B28="",0,COUNTIFS(SMIX2BT!$D$2:$D$200,$B28,SMIX2BT!$H$2:$H$200,"P4")) -> 0 | K28: =MAX(0.5,MIN(1.5,1+IF($B28="",0,SUMPRODUCT((SMIX2BT!$D$2:$D$200=$B28)*(SMIX2BT!$H$2:$H$200="P4")*SMIX2BT!$I$2:$I$200*0.01)))) -> 1 | L28: =IF($B28="",0,COUNTIFS(SMIX2BT!$D$2:$D$200,$B28,SMIX2BT!$H$2:$H$200,"P5")) -> 0 | M28: =MAX(0.5,MIN(1.5,1+IF($B28="",0,SUMPRODUCT((SMIX2BT!$D$2:$D$200=$B28)*(SMIX2BT!$H$2:$H$200="P5")*SMIX2BT!$I$2:$I$200*0.01)))) -> 1 | N28: =IF($B28="",0,IFERROR(SUMPRODUCT((SMIX2BT!$D$2:$D$200=$B28)*SMIX2BT!$I$2:$I$200),0)) -> 0 | O28: =D28+F28+H28+J28+L28 -> 0
D29: =IF($B29="",0,COUNTIFS(SMIX2BT!$D$2:$D$200,$B29,SMIX2BT!$H$2:$H$200,"P1")) -> 0 | E29: =MAX(0.5,MIN(1.5,1+IF($B29="",0,SUMPRODUCT((SMIX2BT!$D$2:$D$200=$B29)*(SMIX2BT!$H$2:$H$200="P1")*SMIX2BT!$I$2:$I$200*0.01)))) -> 1 | F29: =IF($B29="",0,COUNTIFS(SMIX2BT!$D$2:$D$200,$B29,SMIX2BT!$H$2:$H$200,"P2")) -> 0 | G29: =MAX(0.5,MIN(1.5,1+IF($B29="",0,SUMPRODUCT((SMIX2BT!$D$2:$D$200=$B29)*(SMIX2BT!$H$2:$H$200="P2")*SMIX2BT!$I$2:$I$200*0.01)))) -> 1 | H29: =IF($B29="",0,COUNTIFS(SMIX2BT!$D$2:$D$200,$B29,SMIX2BT!$H$2:$H$200,"P3")) -> 0 | I29: =MAX(0.5,MIN(1.5,1+IF($B29="",0,SUMPRODUCT((SMIX2BT!$D$2:$D$200=$B29)*(SMIX2BT!$H$2:$H$200="P3")*SMIX2BT!$I$2:$I$200*0.01)))) -> 1 | J29: =IF($B29="",0,COUNTIFS(SMIX2BT!$D$2:$D$200,$B29,SMIX2BT!$H$2:$H$200,"P4")) -> 0 | K29: =MAX(0.5,MIN(1.5,1+IF($B29="",0,SUMPRODUCT((SMIX2BT!$D$2:$D$200=$B29)*(SMIX2BT!$H$2:$H$200="P4")*SMIX2BT!$I$2:$I$200*0.01)))) -> 1 | L29: =IF($B29="",0,COUNTIFS(SMIX2BT!$D$2:$D$200,$B29,SMIX2BT!$H$2:$H$200,"P5")) -> 0 | M29: =MAX(0.5,MIN(1.5,1+IF($B29="",0,SUMPRODUCT((SMIX2BT!$D$2:$D$200=$B29)*(SMIX2BT!$H$2:$H$200="P5")*SMIX2BT!$I$2:$I$200*0.01)))) -> 1 | N29: =IF($B29="",0,IFERROR(SUMPRODUCT((SMIX2BT!$D$2:$D$200=$B29)*SMIX2BT!$I$2:$I$200),0)) -> 0 | O29: =D29+F29+H29+J29+L29 -> 0
D30: =IF($B30="",0,COUNTIFS(SMIX2BT!$D$2:$D$200,$B30,SMIX2BT!$H$2:$H$200,"P1")) -> 0 | E30: =MAX(0.5,MIN(1.5,1+IF($B30="",0,SUMPRODUCT((SMIX2BT!$D$2:$D$200=$B30)*(SMIX2BT!$H$2:$H$200="P1")*SMIX2BT!$I$2:$I$200*0.01)))) -> 1 | F30: =IF($B30="",0,COUNTIFS(SMIX2BT!$D$2:$D$200,$B30,SMIX2BT!$H$2:$H$200,"P2")) -> 0 | G30: =MAX(0.5,MIN(1.5,1+IF($B30="",0,SUMPRODUCT((SMIX2BT!$D$2:$D$200=$B30)*(SMIX2BT!$H$2:$H$200="P2")*SMIX2BT!$I$2:$I$200*0.01)))) -> 1 | H30: =IF($B30="",0,COUNTIFS(SMIX2BT!$D$2:$D$200,$B30,SMIX2BT!$H$2:$H$200,"P3")) -> 0 | I30: =MAX(0.5,MIN(1.5,1+IF($B30="",0,SUMPRODUCT((SMIX2BT!$D$2:$D$200=$B30)*(SMIX2BT!$H$2:$H$200="P3")*SMIX2BT!$I$2:$I$200*0.01)))) -> 1 | J30: =IF($B30="",0,COUNTIFS(SMIX2BT!$D$2:$D$200,$B30,SMIX2BT!$H$2:$H$200,"P4")) -> 0 | K30: =MAX(0.5,MIN(1.5,1+IF($B30="",0,SUMPRODUCT((SMIX2BT!$D$2:$D$200=$B30)*(SMIX2BT!$H$2:$H$200="P4")*SMIX2BT!$I$2:$I$200*0.01)))) -> 1 | L30: =IF($B30="",0,COUNTIFS(SMIX2BT!$D$2:$D$200,$B30,SMIX2BT!$H$2:$H$200,"P5")) -> 0 | M30: =MAX(0.5,MIN(1.5,1+IF($B30="",0,SUMPRODUCT((SMIX2BT!$D$2:$D$200=$B30)*(SMIX2BT!$H$2:$H$200="P5")*SMIX2BT!$I$2:$I$200*0.01)))) -> 1 | N30: =IF($B30="",0,IFERROR(SUMPRODUCT((SMIX2BT!$D$2:$D$200=$B30)*SMIX2BT!$I$2:$I$200),0)) -> 0 | O30: =D30+F30+H30+J30+L30 -> 0
A31: Recull incidències per alumne | C31: Selector alumne | D31: =IF($B31="",0,COUNTIFS(SMIX2BT!$D$2:$D$200,$B31,SMIX2BT!$H$2:$H$200,"P1")) -> 0 | E31: =MAX(0.5,MIN(1.5,1+IF($B31="",0,SUMPRODUCT((SMIX2BT!$D$2:$D$200=$B31)*(SMIX2BT!$H$2:$H$200="P1")*SMIX2BT!$I$2:$I$200*0.01)))) -> 1 | F31: =IF($B31="",0,COUNTIFS(SMIX2BT!$D$2:$D$200,$B31,SMIX2BT!$H$2:$H$200,"P2")) -> 0 | G31: =MAX(0.5,MIN(1.5,1+IF($B31="",0,SUMPRODUCT((SMIX2BT!$D$2:$D$200=$B31)*(SMIX2BT!$H$2:$H$200="P2")*SMIX2BT!$I$2:$I$200*0.01)))) -> 1 | H31: =IF($B31="",0,COUNTIFS(SMIX2BT!$D$2:$D$200,$B31,SMIX2BT!$H$2:$H$200,"P3")) -> 0 | I31: =MAX(0.5,MIN(1.5,1+IF($B31="",0,SUMPRODUCT((SMIX2BT!$D$2:$D$200=$B31)*(SMIX2BT!$H$2:$H$200="P3")*SMIX2BT!$I$2:$I$200*0.01)))) -> 1 | J31: =IF($B31="",0,COUNTIFS(SMIX2BT!$D$2:$D$200,$B31,SMIX2BT!$H$2:$H$200,"P4")) -> 0 | K31: =MAX(0.5,MIN(1.5,1+IF($B31="",0,SUMPRODUCT((SMIX2BT!$D$2:$D$200=$B31)*(SMIX2BT!$H$2:$H$200="P4")*SMIX2BT!$I$2:$I$200*0.01)))) -> 1 | L31: =IF($B31="",0,COUNTIFS(SMIX2BT!$D$2:$D$200,$B31,SMIX2BT!$H$2:$H$200,"P5")) -> 0 | M31: =MAX(0.5,MIN(1.5,1+IF($B31="",0,SUMPRODUCT((SMIX2BT!$D$2:$D$200=$B31)*(SMIX2BT!$H$2:$H$200="P5")*SMIX2BT!$I$2:$I$200*0.01)))) -> 1 | N31: =IF($B31="",0,IFERROR(SUMPRODUCT((SMIX2BT!$D$2:$D$200=$B31)*SMIX2BT!$I$2:$I$200),0)) -> 0 | O31: =D31+F31+H31+J31+L31 -> 0
A32: Query que llista les observacions de millors a pitjors durant el període de treball | D32: =IF($B32="",0,COUNTIFS(SMIX2BT!$D$2:$D$200,$B32,SMIX2BT!$H$2:$H$200,"P1")) -> 0 | E32: =MAX(0.5,MIN(1.5,1+IF($B32="",0,SUMPRODUCT((SMIX2BT!$D$2:$D$200=$B32)*(SMIX2BT!$H$2:$H$200="P1")*SMIX2BT!$I$2:$I$200*0.01)))) -> 1 | F32: =IF($B32="",0,COUNTIFS(SMIX2BT!$D$2:$D$200,$B32,SMIX2BT!$H$2:$H$200,"P2")) -> 0 | G32: =MAX(0.5,MIN(1.5,1+IF($B32="",0,SUMPRODUCT((SMIX2BT!$D$2:$D$200=$B32)*(SMIX2BT!$H$2:$H$200="P2")*SMIX2BT!$I$2:$I$200*0.01)))) -> 1 | H32: =IF($B32="",0,COUNTIFS(SMIX2BT!$D$2:$D$200,$B32,SMIX2BT!$H$2:$H$200,"P3")) -> 0 | I32: =MAX(0.5,MIN(1.5,1+IF($B32="",0,SUMPRODUCT((SMIX2BT!$D$2:$D$200=$B32)*(SMIX2BT!$H$2:$H$200="P3")*SMIX2BT!$I$2:$I$200*0.01)))) -> 1 | J32: =IF($B32="",0,COUNTIFS(SMIX2BT!$D$2:$D$200,$B32,SMIX2BT!$H$2:$H$200,"P4")) -> 0 | K32: =MAX(0.5,MIN(1.5,1+IF($B32="",0,SUMPRODUCT((SMIX2BT!$D$2:$D$200=$B32)*(SMIX2BT!$H$2:$H$200="P4")*SMIX2BT!$I$2:$I$200*0.01)))) -> 1 | L32: =IF($B32="",0,COUNTIFS(SMIX2BT!$D$2:$D$200,$B32,SMIX2BT!$H$2:$H$200,"P5")) -> 0 | M32: =MAX(0.5,MIN(1.5,1+IF($B32="",0,SUMPRODUCT((SMIX2BT!$D$2:$D$200=$B32)*(SMIX2BT!$H$2:$H$200="P5")*SMIX2BT!$I$2:$I$200*0.01)))) -> 1 | N32: =IF($B32="",0,IFERROR(SUMPRODUCT((SMIX2BT!$D$2:$D$200=$B32)*SMIX2BT!$I$2:$I$200),0)) -> 0 | O32: =D32+F32+H32+J32+L32 -> 0

Sheet SMIX2CT
A1: Marca de temps | B1: Adreça electrònica | C1: Professor | D1: Alumne | E1: Competència transversal observada | F1: Valoració | G1: Descripció breu del comportament observat | H1: Quin projecte estem fent? | I1: Puntuació
A2: 45939.801 | B2: pere.arnau@copernic.cat | C2: Pere Arnau | D2: Rodríguez Fernández, Alvaro | E2: Actitud professional | F2: +2 (Excepcional) - Impacte clar en el grup o projecte | G2: El grup ha fet un bon treball amb la redacció del mail al client | H2: =IF(A2="","",IFERROR(CHOOSE(SUMPRODUCT((A2>=Calendari!$B$2:$B$6)*(A2<=Calendari!$C$2:$C$6)*{1,2,3,4,5}),"P1","P2","P3","P4","P5"),"")) | I2: =IF(F2="",0,IFERROR(VALUE(LEFT(TRIM(F2),FIND(" ",TRIM(F2))-1)),0)) -> 2
A3: 45939.802 | B3: pere.arnau@copernic.cat | C3: Pere Arnau | D3: Gálvez García, Albert | E3: Actitud professional | F3: +2 (Excepcional) - Impacte clar en el grup o projecte | G3: El grup ha fet un bon treball amb la redacció del mail al client | H3: =IF(A3="","",IFERROR(CHOOSE(SUMPRODUCT((A3>=Calendari!$B$2:$B$6)*(A3<=Calendari!$C$2:$C$6)*{1,2,3,4,5}),"P1","P2","P3","P4","P5"),"")) | I3: =IF(F3="",0,IFERROR(VALUE(LEFT(TRIM(F3),FIND(" ",TRIM(F3))-1)),0)) -> 2
A4: 45939.802 | B4: pere.arnau@copernic.cat | C4: Pere Arnau | D4: González Navarro, Nicolas Francisco | E4: Actitud professional | F4: +2 (Excepcional) - Impacte clar en el grup o projecte | G4: El grup ha fet un bon treball amb la redacció del mail al client | H4: =IF(A4="","",IFERROR(CHOOSE(SUMPRODUCT((A4>=Calendari!$B$2:$B$6)*(A4<=Calendari!$C$2:$C$6)*{1,2,3,4,5}),"P1","P2","P3","P4","P5"),"")) | I4: =IF(F4="",0,IFERROR(VALUE(LEFT(TRIM(F4),FIND(" ",TRIM(F4))-1)),0)) -> 2
A5: 45939.901 | B5: roger.ferrandiz@copernic.cat | C5: Roger Ferrándiz | D5: Fenoy Fernández, Aitor | E5: Comunicació efectiva | F5: -1 (Crític) - Afecta negativament el projecte/equip | G5: El correu que heu enviat té una primera part que amb una probabilitat del 80% o superior de ser generat per una IA a partir de l'enunciat. La continuació del missatge mostra un contrast molt elevat en qualitat, vocabulari, expressió i correcció gramatical i ortogràfica, fet que encara ho fa més evident. No és una forma de mantenir el contacte amb un client. Demostra poc interès en el treball i genera desconfiança en el client. | H5: =IF(A5="","",IFERROR(CHOOSE(SUMPRODUCT((A5>=Calendari!$B$2:$B$6)*(A5<=Calendari!$C$2:$C$6)*{1,2,3,4,5}),"P1","P2","P3","P4","P5"),"")) | I5: =IF(F5="",0,IFERROR(VALUE(LEFT(TRIM(F5),FIND(" ",TRIM(F5))-1)),0)) -> -1
A6: 45953.734 | B6: pere.arnau@copernic.cat | C6: Pere Arnau | D6: González Navarro, Nicolas Francisco | E6: Actitud professional | F6: 0 (Atenció) - Cal millorar, sense penalització | G6: Portar gorro en classe (1r avis, al segon descomptarà punts) | H6: =IF(A6="","",IFERROR(CHOOSE(SUMPRODUCT((A6>=Calendari!$B$2:$B$6)*(A6<=Calendari!$C$2:$C$6)*{1,2,3,4,5}),"P1","P2","P3","P4","P5"),"")) | I6: =IF(F6="",0,IFERROR(VALUE(LEFT(TRIM(F6),FIND(" ",TRIM(F6))-1)),0)) -> 0
A7: 45953.734 | B7: pere.arnau@copernic.cat | C7: Pere Arnau | D7: Malagón Martinez, Izan | E7: Actitud professional | F7: 0 (Atenció) - Cal millorar, sense penalització | G7: Portar gorro en classe (1r avis, al segon descomptarà punts) | H7: =IF(A7="","",IFERROR(CHOOSE(SUMPRODUCT((A7>=Calendari!$B$2:$B$6)*(A7<=Calendari!$C$2:$C$6)*{1,2,3,4,5}),"P1","P2","P3","P4","P5"),"")) | I7: =IF(F7="",0,IFERROR(VALUE(LEFT(TRIM(F7),FIND(" ",TRIM(F7))-1)),0)) -> 0
A8: 45953.735 | B8: pere.arnau@copernic.cat | C8: Pere Arnau | D8: Pérez Segura, Eric | E8: Actitud professional | F8: 0 (Atenció) - Cal millorar, sense penalització | G8: Portar gorro en classe (1r avis, al segon descomptarà punts) | H8: =IF(A8="","",IFERROR(CHOOSE(SUMPRODUCT((A8>=Calendari!$B$2:$B$6)*(A8<=Calendari!$C$2:$C$6)*{1,2,3,4,5}),"P1","P2","P3","P4","P5"),"")) | I8: =IF(F8="",0,IFERROR(VALUE(LEFT(TRIM(F8),FIND(" ",TRIM(F8))-1)),0)) -> 0
A9: 45959.701 | B9: pere.arnau@copernic.cat | C9: Pere Arnau | D9: Fenoy Fernández, Aitor | E9: Autogestió del treball | F9: 0 (Atenció) - Cal millorar, sense penalització | G9: Ausent en el seu lloc | H9: =IF(A9="","",IFERROR(CHOOSE(SUMPRODUCT((A9>=Calendari!$B$2:$B$6)*(A9<=Calendari!$C$2:$C$6)*{1,2,3,4,5}),"P1","P2","P3","P4","P5"),"")) | I9: =IF(F9="",0,IFERROR(VALUE(LEFT(TRIM(F9),FIND(" ",TRIM(F9))-1)),0)) -> 0
A10: 45959.702 | B10: pere.arnau@copernic.cat | C10: Pere Arnau | D10: Pérez Segura, Eric | E10: Autogestió del treball | F10: 0 (Atenció) - Cal millorar, sense penalització | G10: Ausent en el seu lloc | H10: =IF(A10="","",IFERROR(CHOOSE(SUMPRODUCT((A10>=Calendari!$B$2:$B$6)*(A10<=Calendari!$C$2:$C$6)*{1,2,3,4,5}),"P1","P2","P3","P4","P5"),"")) | I10: =IF(F10="",0,IFERROR(VALUE(LEFT(TRIM(F10),FIND(" ",TRIM(F10))-1)),0)) -> 0
A11: 45959.702 | B11: pere.arnau@copernic.cat | C11: Pere Arnau | D11: Riera Ramirez, Arnau | E11: Autogestió del treball | F11: 0 (Atenció) - Cal millorar, sense penalització | G11: Ausent en el seu lloc | H11: =IF(A11="","",IFERROR(CHOOSE(SUMPRODUCT((A11>=Calendari!$B$2:$B$6)*(A11<=Calendari!$C$2:$C$6)*{1,2,3,4,5}),"P1","P2","P3","P4","P5"),"")) | I11: =IF(F11="",0,IFERROR(VALUE(LEFT(TRIM(F11),FIND(" ",TRIM(F11))-1)),0)) -> 0
A12: 45959.702 | B12: pere.arnau@copernic.cat | C12: Pere Arnau | D12: Martínez Vaca, Alexis | E12: Autogestió del treball | F12: 0 (Atenció) - Cal millorar, sense penalització | G12: Ausent en el seu lloc | H12: =IF(A12="","",IFERROR(CHOOSE(SUMPRODUCT((A12>=Calendari!$B$2:$B$6)*(A12<=Calendari!$C$2:$C$6)*{1,2,3,4,5}),"P1","P2","P3","P4","P5"),"")) | I12: =IF(F12="",0,IFERROR(VALUE(LEFT(TRIM(F12),FIND(" ",TRIM(F12))-1)),0)) -> 0
A13: 45971.809 | B13: roger.ferrandiz@copernic.cat | C13: Roger Ferrándiz | D13: Magdaleno Martinez, Hugo | E13: Actitud professional | F13: -1 (Crític) - Afecta negativament el projecte/equip | G13: No fa servir les eines admeses al projecte i se l'ha vist fent servir Deepseek, que no està permès. Ja té NotebookLM per fer aquesta tasca. | H13: =IF(A13="","",IFERROR(CHOOSE(SUMPRODUCT((A13>=Calendari!$B$2:$B$6)*(A13<=Calendari!$C$2:$C$6)*{1,2,3,4,5}),"P1","P2","P3","P4","P5"),"")) | I13: =IF(F13="",0,IFERROR(VALUE(LEFT(TRIM(F13),FIND(" ",TRIM(F13))-1)),0)) -> -1
... A32: 46002.822 | B32: roger.ferrandiz@copernic.cat | C32: Roger Ferrándiz | D32: Gálvez García, Albert | E32: Innovació i creativitat (inclos ús IA) | F32: +2 (Excepcional) - Impacte clar en el grup o projecte | G32: Està fent el manual d'instruccions en HTML i CSS a Git | H32: =IF(A32="","",IFERROR(CHOOSE(SUMPRODUCT((A32>=Calendari!$B$2:$B$6)*(A32<=Calendari!$C$2:$C$6)*{1,2,3,4,5}),"P1","P2","P3","P4","P5"),"")) | I32: =IF(F32="",0,IFERROR(VALUE(LEFT(TRIM(F32),FIND(" ",TRIM(F32))-1)),0)) -> 2
H33: =IF(A33="","",IFERROR(CHOOSE(SUMPRODUCT((A33>=Calendari!$B$2:$B$6)*(A33<=Calendari!$C$2:$C$6)*{1,2,3,4,5}),"P1","P2","P3","P4","P5"),"")) | I33: =IF(F33="",0,IFERROR(VALUE(LEFT(TRIM(F33),FIND(" ",TRIM(F33))-1)),0)) -> 0
H34: =IF(A34="","",IFERROR(CHOOSE(SUMPRODUCT((A34>=Calendari!$B$2:$B$6)*(A34<=Calendari!$C$2:$C$6)*{1,2,3,4,5}),"P1","P2","P3","P4","P5"),"")) | I34: =IF(F34="",0,IFERROR(VALUE(LEFT(TRIM(F34),FIND(" ",TRIM(F34))-1)),0)) -> 0
H35: =IF(A35="","",IFERROR(CHOOSE(SUMPRODUCT((A35>=Calendari!$B$2:$B$6)*(A35<=Calendari!$C$2:$C$6)*{1,2,3,4,5}),"P1","P2","P3","P4","P5"),"")) | I35: =IF(F35="",0,IFERROR(VALUE(LEFT(TRIM(F35),FIND(" ",TRIM(F35))-1)),0)) -> 0
H36: =IF(A36="","",IFERROR(CHOOSE(SUMPRODUCT((A36>=Calendari!$B$2:$B$6)*(A36<=Calendari!$C$2:$C$6)*{1,2,3,4,5}),"P1","P2","P3","P4","P5"),"")) | I36: =IF(F36="",0,IFERROR(VALUE(LEFT(TRIM(F36),FIND(" ",TRIM(F36))-1)),0)) -> 0
H37: =IF(A37="","",IFERROR(CHOOSE(SUMPRODUCT((A37>=Calendari!$B$2:$B$6)*(A37<=Calendari!$C$2:$C$6)*{1,2,3,4,5}),"P1","P2","P3","P4","P5"),"")) | I37: =IF(F37="",0,IFERROR(VALUE(LEFT(TRIM(F37),FIND(" ",TRIM(F37))-1)),0)) -> 0
H38: =IF(A38="","",IFERROR(CHOOSE(SUMPRODUCT((A38>=Calendari!$B$2:$B$6)*(A38<=Calendari!$C$2:$C$6)*{1,2,3,4,5}),"P1","P2","P3","P4","P5"),"")) | I38: =IF(F38="",0,IFERROR(VALUE(LEFT(TRIM(F38),FIND(" ",TRIM(F38))-1)),0)) -> 0
H39: =IF(A39="","",IFERROR(CHOOSE(SUMPRODUCT((A39>=Calendari!$B$2:$B$6)*(A39<=Calendari!$C$2:$C$6)*{1,2,3,4,5}),"P1","P2","P3","P4","P5"),"")) | I39: =IF(F39="",0,IFERROR(VALUE(LEFT(TRIM(F39),FIND(" ",TRIM(F39))-1)),0)) -> 0
H40: =IF(A40="","",IFERROR(CHOOSE(SUMPRODUCT((A40>=Calendari!$B$2:$B$6)*(A40<=Calendari!$C$2:$C$6)*{1,2,3,4,5}),"P1","P2","P3","P4","P5"),"")) | I40: =IF(F40="",0,IFERROR(VALUE(LEFT(TRIM(F40),FIND(" ",TRIM(F40))-1)),0)) -> 0
H41: =IF(A41="","",IFERROR(CHOOSE(SUMPRODUCT((A41>=Calendari!$B$2:$B$6)*(A41<=Calendari!$C$2:$C$6)*{1,2,3,4,5}),"P1","P2","P3","P4","P5"),"")) | I41: =IF(F41="",0,IFERROR(VALUE(LEFT(TRIM(F41),FIND(" ",TRIM(F41))-1)),0)) -> 0
H42: =IF(A42="","",IFERROR(CHOOSE(SUMPRODUCT((A42>=Calendari!$B$2:$B$6)*(A42<=Calendari!$C$2:$C$6)*{1,2,3,4,5}),"P1","P2","P3","P4","P5"),"")) | I42: =IF(F42="",0,IFERROR(VALUE(LEFT(TRIM(F42),FIND(" ",TRIM(F42))-1)),0)) -> 0
H43: =IF(A43="","",IFERROR(CHOOSE(SUMPRODUCT((A43>=Calendari!$B$2:$B$6)*(A43<=Calendari!$C$2:$C$6)*{1,2,3,4,5}),"P1","P2","P3","P4","P5"),"")) | I43: =IF(F43="",0,IFERROR(VALUE(LEFT(TRIM(F43),FIND(" ",TRIM(F43))-1)),0)) -> 0
H44: =IF(A44="","",IFERROR(CHOOSE(SUMPRODUCT((A44>=Calendari!$B$2:$B$6)*(A44<=Calendari!$C$2:$C$6)*{1,2,3,4,5}),"P1","P2","P3","P4","P5"),"")) | I44: =IF(F44="",0,IFERROR(VALUE(LEFT(TRIM(F44),FIND(" ",TRIM(F44))-1)),0)) -> 0
... H200: =IF(A200="","",IFERROR(CHOOSE(SUMPRODUCT((A200>=Calendari!$B$2:$B$6)*(A200<=Calendari!$C$2:$C$6)*{1,2,3,4,5}),"P1","P2","P3","P4","P5"),"")) | I200: =IF(F200="",0,IFERROR(VALUE(LEFT(TRIM(F200),FIND(" ",TRIM(F200))-1)),0)) -> 0

Sheet Alumnes_C
A1: SMIX2CT
A2: Nom i cognoms | B2: Cognoms, nom | C2: correu | D2: P1-obs | E2: P1-balanç | F2: P2-obs | G2: P2-balanç | H2: P3-obs | I2: P3-balanç | J2: P4-obs | K2: P4-balanç | L2: P5-obs | M2: P5-balanç | N2: Puntuació neta | O2: Total observacions
A3: Rodrigo Jesus Corredor Garcia | C3: rjcorredor@alumnat.copernic.cat | D3: =IF($B3="",0,COUNTIFS(SMIX2CT!$D$2:$D$200,$B3,SMIX2CT!$H$2:$H$200,"P1")) -> 0 | E3: =MAX(0.5,MIN(1.5,1+IF($B3="",0,SUMPRODUCT((SMIX2CT!$D$2:$D$200=$B3)*(SMIX2CT!$H$2:$H$200="P1")*SMIX2CT!$I$2:$I$200*0.01)))) -> 1 | F3: =IF($B3="",0,COUNTIFS(SMIX2CT!$D$2:$D$200,$B3,SMIX2CT!$H$2:$H$200,"P2")) -> 0 | G3: =MAX(0.5,MIN(1.5,1+IF($B3="",0,SUMPRODUCT((SMIX2CT!$D$2:$D$200=$B3)*(SMIX2CT!$H$2:$H$200="P2")*SMIX2CT!$I$2:$I$200*0.01)))) -> 1 | H3: =IF($B3="",0,COUNTIFS(SMIX2CT!$D$2:$D$200,$B3,SMIX2CT!$H$2:$H$200,"P3")) -> 0 | I3: =MAX(0.5,MIN(1.5,1+IF($B3="",0,SUMPRODUCT((SMIX2CT!$D$2:$D$200=$B3)*(SMIX2CT!$H$2:$H$200="P3")*SMIX2CT!$I$2:$I$200*0.01)))) -> 1 | J3: =IF($B3="",0,COUNTIFS(SMIX2CT!$D$2:$D$200,$B3,SMIX2CT!$H$2:$H$200,"P4")) -> 0 | K3: =MAX(0.5,MIN(1.5,1+IF($B3="",0,SUMPRODUCT((SMIX2CT!$D$2:$D$200=$B3)*(SMIX2CT!$H$2:$H$200="P4")*SMIX2CT!$I$2:$I$200*0.01)))) -> 1 | L3: =IF($B3="",0,COUNTIFS(SMIX2CT!$D$2:$D$200,$B3,SMIX2CT!$H$2:$H$200,"P5")) -> 0 | M3: =MAX(0.5,MIN(1.5,1+IF($B3="",0,SUMPRODUCT((SMIX2CT!$D$2:$D$200=$B3)*(SMIX2CT!$H$2:$H$200="P5")*SMIX2CT!$I$2:$I$200*0.01)))) -> 1 | N3: =IF($B3="",0,IFERROR(SUMPRODUCT((SMIX2CT!$D$2:$D$200=$B3)*SMIX2CT!$I$2:$I$200),0)) -> 0 | O3: =D3+F3+H3+J3+L3 -> 0
A4: Oussama El Idrissi | B4: El Idrissi , Oussama | C4: oelidrissi@alumnat.copernic.cat | D4: =IF($B4="",0,COUNTIFS(SMIX2CT!$D$2:$D$200,$B4,SMIX2CT!$H$2:$H$200,"P1")) -> 0 | E4: =MAX(0.5,MIN(1.5,1+IF($B4="",0,SUMPRODUCT((SMIX2CT!$D$2:$D$200=$B4)*(SMIX2CT!$H$2:$H$200="P1")*SMIX2CT!$I$2:$I$200*0.01)))) -> 1 | F4: =IF($B4="",0,COUNTIFS(SMIX2CT!$D$2:$D$200,$B4,SMIX2CT!$H$2:$H$200,"P2")) -> 0 | G4: =MAX(0.5,MIN(1.5,1+IF($B4="",0,SUMPRODUCT((SMIX2CT!$D$2:$D$200=$B4)*(SMIX2CT!$H$2:$H$200="P2")*SMIX2CT!$I$2:$I$200*0.01)))) -> 1 | H4: =IF($B4="",0,COUNTIFS(SMIX2CT!$D$2:$D$200,$B4,SMIX2CT!$H$2:$H$200,"P3")) -> 0 | I4: =MAX(0.5,MIN(1.5,1+IF($B4="",0,SUMPRODUCT((SMIX2CT!$D$2:$D$200=$B4)*(SMIX2CT!$H$2:$H$200="P3")*SMIX2CT!$I$2:$I$200*0.01)))) -> 1 | J4: =IF($B4="",0,COUNTIFS(SMIX2CT!$D$2:$D$200,$B4,SMIX2CT!$H$2:$H$200,"P4")) -> 0 | K4: =MAX(0.5,MIN(1.5,1+IF($B4="",0,SUMPRODUCT((SMIX2CT!$D$2:$D$200=$B4)*(SMIX2CT!$H$2:$H$200="P4")*SMIX2CT!$I$2:$I$200*0.01)))) -> 1 | L4: =IF($B4="",0,COUNTIFS(SMIX2CT!$D$2:$D$200,$B4,SMIX2CT!$H$2:$H$200,"P5")) -> 0 | M4: =MAX(0.5,MIN(1.5,1+IF($B4="",0,SUMPRODUCT((SMIX2CT!$D$2:$D$200=$B4)*(SMIX2CT!$H$2:$H$200="P5")*SMIX2CT!$I$2:$I$200*0.01)))) -> 1 | N4: =IF($B4="",0,IFERROR(SUMPRODUCT((SMIX2CT!$D$2:$D$200=$B4)*SMIX2CT!$I$2:$I$200),0)) -> -1 | O4: =D4+F4+H4+J4+L4 -> 0
A5: Aitor Fenoy Fernández | B5: Fenoy Fernández, Aitor | C5: afenoy@alumnat.copernic.cat | D5: =IF($B5="",0,COUNTIFS(SMIX2CT!$D$2:$D$200,$B5,SMIX2CT!$H$2:$H$200,"P1")) -> 0 | E5: =MAX(0.5,MIN(1.5,1+IF($B5="",0,SUMPRODUCT((SMIX2CT!$D$2:$D$200=$B5)*(SMIX2CT!$H$2:$H$200="P1")*SMIX2CT!$I$2:$I$200*0.01)))) -> 1 | F5: =IF($B5="",0,COUNTIFS(SMIX2CT!$D$2:$D$200,$B5,SMIX2CT!$H$2:$H$200,"P2")) -> 0 | G5: =MAX(0.5,MIN(1.5,1+IF($B5="",0,SUMPRODUCT((SMIX2CT!$D$2:$D$200=$B5)*(SMIX2CT!$H$2:$H$200="P2")*SMIX2CT!$I$2:$I$200*0.01)))) -> 1 | H5: =IF($B5="",0,COUNTIFS(SMIX2CT!$D$2:$D$200,$B5,SMIX2CT!$H$2:$H$200,"P3")) -> 0 | I5: =MAX(0.5,MIN(1.5,1+IF($B5="",0,SUMPRODUCT((SMIX2CT!$D$2:$D$200=$B5)*(SMIX2CT!$H$2:$H$200="P3")*SMIX2CT!$I$2:$I$200*0.01)))) -> 1 | J5: =IF($B5="",0,COUNTIFS(SMIX2CT!$D$2:$D$200,$B5,SMIX2CT!$H$2:$H$200,"P4")) -> 0 | K5: =MAX(0.5,MIN(1.5,1+IF($B5="",0,SUMPRODUCT((SMIX2CT!$D$2:$D$200=$B5)*(SMIX2CT!$H$2:$H$200="P4")*SMIX2CT!$I$2:$I$200*0.01)))) -> 1 | L5: =IF($B5="",0,COUNTIFS(SMIX2CT!$D$2:$D$200,$B5,SMIX2CT!$H$2:$H$200,"P5")) -> 0 | M5: =MAX(0.5,MIN(1.5,1+IF($B5="",0,SUMPRODUCT((SMIX2CT!$D$2:$D$200=$B5)*(SMIX2CT!$H$2:$H$200="P5")*SMIX2CT!$I$2:$I$200*0.01)))) -> 1 | N5: =IF($B5="",0,IFERROR(SUMPRODUCT((SMIX2CT!$D$2:$D$200=$B5)*SMIX2CT!$I$2:$I$200),0)) -> -1 | O5: =D5+F5+H5+J5+L5 -> 0
A6: Aitor Fernández Bernabé | B6: Fernández Bernabé, Aitor | C6: afernandez2@alumnat.copernic.cat | D6: =IF($B6="",0,COUNTIFS(SMIX2CT!$D$2:$D$200,$B6,SMIX2CT!$H$2:$H$200,"P1")) -> 0 | E6: =MAX(0.5,MIN(1.5,1+IF($B6="",0,SUMPRODUCT((SMIX2CT!$D$2:$D$200=$B6)*(SMIX2CT!$H$2:$H$200="P1")*SMIX2CT!$I$2:$I$200*0.01)))) -> 1 | F6: =IF($B6="",0,COUNTIFS(SMIX2CT!$D$2:$D$200,$B6,SMIX2CT!$H$2:$H$200,"P2")) -> 0 | G6: =MAX(0.5,MIN(1.5,1+IF($B6="",0,SUMPRODUCT((SMIX2CT!$D$2:$D$200=$B6)*(SMIX2CT!$H$2:$H$200="P2")*SMIX2CT!$I$2:$I$200*0.01)))) -> 1 | H6: =IF($B6="",0,COUNTIFS(SMIX2CT!$D$2:$D$200,$B6,SMIX2CT!$H$2:$H$200,"P3")) -> 0 | I6: =MAX(0.5,MIN(1.5,1+IF($B6="",0,SUMPRODUCT((SMIX2CT!$D$2:$D$200=$B6)*(SMIX2CT!$H$2:$H$200="P3")*SMIX2CT!$I$2:$I$200*0.01)))) -> 1 | J6: =IF($B6="",0,COUNTIFS(SMIX2CT!$D$2:$D$200,$B6,SMIX2CT!$H$2:$H$200,"P4")) -> 0 | K6: =MAX(0.5,MIN(1.5,1+IF($B6="",0,SUMPRODUCT((SMIX2CT!$D$2:$D$200=$B6)*(SMIX2CT!$H$2:$H$200="P4")*SMIX2CT!$I$2:$I$200*0.01)))) -> 1 | L6: =IF($B6="",0,COUNTIFS(SMIX2CT!$D$2:$D$200,$B6,SMIX2CT!$H$2:$H$200,"P5")) -> 0 | M6: =MAX(0.5,MIN(1.5,1+IF($B6="",0,SUMPRODUCT((SMIX2CT!$D$2:$D$200=$B6)*(SMIX2CT!$H$2:$H$200="P5")*SMIX2CT!$I$2:$I$200*0.01)))) -> 1 | N6: =IF($B6="",0,IFERROR(SUMPRODUCT((SMIX2CT!$D$2:$D$200=$B6)*SMIX2CT!$I$2:$I$200),0)) -> 2 | O6: =D6+F6+H6+J6+L6 -> 0
A7: Albert Gálvez García | B7: Gálvez García, Albert | C7: agalvez@alumnat.copernic.cat | D7: =IF($B7="",0,COUNTIFS(SMIX2CT!$D$2:$D$200,$B7,SMIX2CT!$H$2:$H$200,"P1")) -> 0 | E7: =MAX(0.5,MIN(1.5,1+IF($B7="",0,SUMPRODUCT((SMIX2CT!$D$2:$D$200=$B7)*(SMIX2CT!$H$2:$H$200="P1")*SMIX2CT!$I$2:$I$200*0.01)))) -> 1 | F7: =IF($B7="",0,COUNTIFS(SMIX2CT!$D$2:$D$200,$B7,SMIX2CT!$H$2:$H$200,"P2")) -> 0 | G7: =MAX(0.5,MIN(1.5,1+IF($B7="",0,SUMPRODUCT((SMIX2CT!$D$2:$D$200=$B7)*(SMIX2CT!$H$2:$H$200="P2")*SMIX2CT!$I$2:$I$200*0.01)))) -> 1 | H7: =IF($B7="",0,COUNTIFS(SMIX2CT!$D$2:$D$200,$B7,SMIX2CT!$H$2:$H$200,"P3")) -> 0 | I7: =MAX(0.5,MIN(1.5,1+IF($B7="",0,SUMPRODUCT((SMIX2CT!$D$2:$D$200=$B7)*(SMIX2CT!$H$2:$H$200="P3")*SMIX2CT!$I$2:$I$200*0.01)))) -> 1 | J7: =IF($B7="",0,COUNTIFS(SMIX2CT!$D$2:$D$200,$B7,SMIX2CT!$H$2:$H$200,"P4")) -> 0 | K7: =MAX(0.5,MIN(1.5,1+IF($B7="",0,SUMPRODUCT((SMIX2CT!$D$2:$D$200=$B7)*(SMIX2CT!$H$2:$H$200="P4")*SMIX2CT!$I$2:$I$200*0.01)))) -> 1 | L7: =IF($B7="",0,COUNTIFS(SMIX2CT!$D$2:$D$200,$B7,SMIX2CT!$H$2:$H$200,"P5")) -> 0 | M7: =MAX(0.5,MIN(1.5,1+IF($B7="",0,SUMPRODUCT((SMIX2CT!$D$2:$D$200=$B7)*(SMIX2CT!$H$2:$H$200="P5")*SMIX2CT!$I$2:$I$200*0.01)))) -> 1 | N7: =IF($B7="",0,IFERROR(SUMPRODUCT((SMIX2CT!$D$2:$D$200=$B7)*SMIX2CT!$I$2:$I$200),0)) -> 3 | O7: =D7+F7+H7+J7+L7 -> 0
A8: Nicolas Francisco González Navarro | B8: González Navarro, Nicolas Francisco | C8: nfgonzalez@alumnat.copernic.cat | D8: =IF($B8="",0,COUNTIFS(SMIX2CT!$D$2:$D$200,$B8,SMIX2CT!$H$2:$H$200,"P1")) -> 0 | E8: =MAX(0.5,MIN(1.5,1+IF($B8="",0,SUMPRODUCT((SMIX2CT!$D$2:$D$200=$B8)*(SMIX2CT!$H$2:$H$200="P1")*SMIX2CT!$I$2:$I$200*0.01)))) -> 1 | F8: =IF($B8="",0,COUNTIFS(SMIX2CT!$D$2:$D$200,$B8,SMIX2CT!$H$2:$H$200,"P2")) -> 0 | G8: =MAX(0.5,MIN(1.5,1+IF($B8="",0,SUMPRODUCT((SMIX2CT!$D$2:$D$200=$B8)*(SMIX2CT!$H$2:$H$200="P2")*SMIX2CT!$I$2:$I$200*0.01)))) -> 1 | H8: =IF($B8="",0,COUNTIFS(SMIX2CT!$D$2:$D$200,$B8,SMIX2CT!$H$2:$H$200,"P3")) -> 0 | I8: =MAX(0.5,MIN(1.5,1+IF($B8="",0,SUMPRODUCT((SMIX2CT!$D$2:$D$200=$B8)*(SMIX2CT!$H$2:$H$200="P3")*SMIX2CT!$I$2:$I$200*0.01)))) -> 1 | J8: =IF($B8="",0,COUNTIFS(SMIX2CT!$D$2:$D$200,$B8,SMIX2CT!$H$2:$H$200,"P4")) -> 0 | K8: =MAX(0.5,MIN(1.5,1+IF($B8="",0,SUMPRODUCT((SMIX2CT!$D$2:$D$200=$B8)*(SMIX2CT!$H$2:$H$200="P4")*SMIX2CT!$I$2:$I$200*0.01)))) -> 1 | L8: =IF($B8="",0,COUNTIFS(SMIX2CT!$D$2:$D$200,$B8,SMIX2CT!$H$2:$H$200,"P5")) -> 0 | M8: =MAX(0.5,MIN(1.5,1+IF($B8="",0,SUMPRODUCT((SMIX2CT!$D$2:$D$200=$B8)*(SMIX2CT!$H$2:$H$200="P5")*SMIX2CT!$I$2:$I$200*0.01)))) -> 1 | N8: =IF($B8="",0,IFERROR(SUMPRODUCT((SMIX2CT!$D$2:$D$200=$B8)*SMIX2CT!$I$2:$I$200),0)) -> 1 | O8: =D8+F8+H8+J8+L8 -> 0
A9: Eric Iborra Polo | C9: eiborra@alumnat.copernic.cat | D9: =IF($B9="",0,COUNTIFS(SMIX2CT!$D$2:$D$200,$B9,SMIX2CT!$H$2:$H$200,"P1")) -> 0 | E9: =MAX(0.5,MIN(1.5,1+IF($B9="",0,SUMPRODUCT((SMIX2CT!$D$2:$D$200=$B9)*(SMIX2CT!$H$2:$H$200="P1")*SMIX2CT!$I$2:$I$200*0.01)))) -> 1 | F9: =IF($B9="",0,COUNTIFS(SMIX2CT!$D$2:$D$200,$B9,SMIX2CT!$H$2:$H$200,"P2")) -> 0 | G9: =MAX(0.5,MIN(1.5,1+IF($B9="",0,SUMPRODUCT((SMIX2CT!$D$2:$D$200=$B9)*(SMIX2CT!$H$2:$H$200="P2")*SMIX2CT!$I$2:$I$200*0.01)))) -> 1 | H9: =IF($B9="",0,COUNTIFS(SMIX2CT!$D$2:$D$200,$B9,SMIX2CT!$H$2:$H$200,"P3")) -> 0 | I9: =MAX(0.5,MIN(1.5,1+IF($B9="",0,SUMPRODUCT((SMIX2CT!$D$2:$D$200=$B9)*(SMIX2CT!$H$2:$H$200="P3")*SMIX2CT!$I$2:$I$200*0.01)))) -> 1 | J9: =IF($B9="",0,COUNTIFS(SMIX2CT!$D$2:$D$200,$B9,SMIX2CT!$H$2:$H$200,"P4")) -> 0 | K9: =MAX(0.5,MIN(1.5,1+IF($B9="",0,SUMPRODUCT((SMIX2CT!$D$2:$D$200=$B9)*(SMIX2CT!$H$2:$H$200="P4")*SMIX2CT!$I$2:$I$200*0.01)))) -> 1 | L9: =IF($B9="",0,COUNTIFS(SMIX2CT!$D$2:$D$200,$B9,SMIX2CT!$H$2:$H$200,"P5")) -> 0 | M9: =MAX(0.5,MIN(1.5,1+IF($B9="",0,SUMPRODUCT((SMIX2CT!$D$2:$D$200=$B9)*(SMIX2CT!$H$2:$H$200="P5")*SMIX2CT!$I$2:$I$200*0.01)))) -> 1 | N9: =IF($B9="",0,IFERROR(SUMPRODUCT((SMIX2CT!$D$2:$D$200=$B9)*SMIX2CT!$I$2:$I$200),0)) -> 0 | O9: =D9+F9+H9+J9+L9 -> 0
A10: Hugo Magdaleno Martinez | B10: Magdaleno Martinez, Hugo | C10: hmagdaleno@alumnat.copernic.cat | D10: =IF($B10="",0,COUNTIFS(SMIX2CT!$D$2:$D$200,$B10,SMIX2CT!$H$2:$H$200,"P1")) -> 0 | E10: =MAX(0.5,MIN(1.5,1+IF($B10="",0,SUMPRODUCT((SMIX2CT!$D$2:$D$200=$B10)*(SMIX2CT!$H$2:$H$200="P1")*SMIX2CT!$I$2:$I$200*0.01)))) -> 1 | F10: =IF($B10="",0,COUNTIFS(SMIX2CT!$D$2:$D$200,$B10,SMIX2CT!$H$2:$H$200,"P2")) -> 0 | G10: =MAX(0.5,MIN(1.5,1+IF($B10="",0,SUMPRODUCT((SMIX2CT!$D$2:$D$200=$B10)*(SMIX2CT!$H$2:$H$200="P2")*SMIX2CT!$I$2:$I$200*0.01)))) -> 1 | H10: =IF($B10="",0,COUNTIFS(SMIX2CT!$D$2:$D$200,$B10,SMIX2CT!$H$2:$H$200,"P3")) -> 0 | I10: =MAX(0.5,MIN(1.5,1+IF($B10="",0,SUMPRODUCT((SMIX2CT!$D$2:$D$200=$B10)*(SMIX2CT!$H$2:$H$200="P3")*SMIX2CT!$I$2:$I$200*0.01)))) -> 1 | J10: =IF($B10="",0,COUNTIFS(SMIX2CT!$D$2:$D$200,$B10,SMIX2CT!$H$2:$H$200,"P4")) -> 0 | K10: =MAX(0.5,MIN(1.5,1+IF($B10="",0,SUMPRODUCT((SMIX2CT!$D$2:$D$200=$B10)*(SMIX2CT!$H$2:$H$200="P4")*SMIX2CT!$I$2:$I$200*0.01)))) -> 1 | L10: =IF($B10="",0,COUNTIFS(SMIX2CT!$D$2:$D$200,$B10,SMIX2CT!$H$2:$H$200,"P5")) -> 0 | M10: =MAX(0.5,MIN(1.5,1+IF($B10="",0,SUMPRODUCT((SMIX2CT!$D$2:$D$200=$B10)*(SMIX2CT!$H$2:$H$200="P5")*SMIX2CT!$I$2:$I$200*0.01)))) -> 1 | N10: =IF($B10="",0,IFERROR(SUMPRODUCT((SMIX2CT!$D$2:$D$200=$B10)*SMIX2CT!$I$2:$I$200),0)) -> -1 | O10: =D10+F10+H10+J10+L10 -> 0
A11: Iker Magdaleno Martínez | C11: imagdaleno@alumnat.copernic.cat | D11: =IF($B11="",0,COUNTIFS(SMIX2CT!$D$2:$D$200,$B11,SMIX2CT!$H$2:$H$200,"P1")) -> 0 | E11: =MAX(0.5,MIN(1.5,1+IF($B11="",0,SUMPRODUCT((SMIX2CT!$D$2:$D$200=$B11)*(SMIX2CT!$H$2:$H$200="P1")*SMIX2CT!$I$2:$I$200*0.01)))) -> 1 | F11: =IF($B11="",0,COUNTIFS(SMIX2CT!$D$2:$D$200,$B11,SMIX2CT!$H$2:$H$200,"P2")) -> 0 | G11: =MAX(0.5,MIN(1.5,1+IF($B11="",0,SUMPRODUCT((SMIX2CT!$D$2:$D$200=$B11)*(SMIX2CT!$H$2:$H$200="P2")*SMIX2CT!$I$2:$I$200*0.01)))) -> 1 | H11: =IF($B11="",0,COUNTIFS(SMIX2CT!$D$2:$D$200,$B11,SMIX2CT!$H$2:$H$200,"P3")) -> 0 | I11: =MAX(0.5,MIN(1.5,1+IF($B11="",0,SUMPRODUCT((SMIX2CT!$D$2:$D$200=$B11)*(SMIX2CT!$H$2:$H$200="P3")*SMIX2CT!$I$2:$I$200*0.01)))) -> 1 | J11: =IF($B11="",0,COUNTIFS(SMIX2CT!$D$2:$D$200,$B11,SMIX2CT!$H$2:$H$200,"P4")) -> 0 | K11: =MAX(0.5,MIN(1.5,1+IF($B11="",0,SUMPRODUCT((SMIX2CT!$D$2:$D$200=$B11)*(SMIX2CT!$H$2:$H$200="P4")*SMIX2CT!$I$2:$I$200*0.01)))) -> 1 | L11: =IF($B11="",0,COUNTIFS(SMIX2CT!$D$2:$D$200,$B11,SMIX2CT!$H$2:$H$200,"P5")) -> 0 | M11: =MAX(0.5,MIN(1.5,1+IF($B11="",0,SUMPRODUCT((SMIX2CT!$D$2:$D$200=$B11)*(SMIX2CT!$H$2:$H$200="P5")*SMIX2CT!$I$2:$I$200*0.01)))) -> 1 | N11: =IF($B11="",0,IFERROR(SUMPRODUCT((SMIX2CT!$D$2:$D$200=$B11)*SMIX2CT!$I$2:$I$200),0)) -> 0 | O11: =D11+F11+H11+J11+L11 -> 0
A12: Izan Malagón Martinez | B12: Malagón Martinez, Izan | C12: imalagon@alumnat.copernic.cat | D12: =IF($B12="",0,COUNTIFS(SMIX2CT!$D$2:$D$200,$B12,SMIX2CT!$H$2:$H$200,"P1")) -> 0 | E12: =MAX(0.5,MIN(1.5,1+IF($B12="",0,SUMPRODUCT((SMIX2CT!$D$2:$D$200=$B12)*(SMIX2CT!$H$2:$H$200="P1")*SMIX2CT!$I$2:$I$200*0.01)))) -> 1 | F12: =IF($B12="",0,COUNTIFS(SMIX2CT!$D$2:$D$200,$B12,SMIX2CT!$H$2:$H$200,"P2")) -> 0 | G12: =MAX(0.5,MIN(1.5,1+IF($B12="",0,SUMPRODUCT((SMIX2CT!$D$2:$D$200=$B12)*(SMIX2CT!$H$2:$H$200="P2")*SMIX2CT!$I$2:$I$200*0.01)))) -> 1 | H12: =IF($B12="",0,COUNTIFS(SMIX2CT!$D$2:$D$200,$B12,SMIX2CT!$H$2:$H$200,"P3")) -> 0 | I12: =MAX(0.5,MIN(1.5,1+IF($B12="",0,SUMPRODUCT((SMIX2CT!$D$2:$D$200=$B12)*(SMIX2CT!$H$2:$H$200="P3")*SMIX2CT!$I$2:$I$200*0.01)))) -> 1 | J12: =IF($B12="",0,COUNTIFS(SMIX2CT!$D$2:$D$200,$B12,SMIX2CT!$H$2:$H$200,"P4")) -> 0 | K12: =MAX(0.5,MIN(1.5,1+IF($B12="",0,SUMPRODUCT((SMIX2CT!$D$2:$D$200=$B12)*(SMIX2CT!$H$2:$H$200="P4")*SMIX2CT!$I$2:$I$200*0.01)))) -> 1 | L12: =IF($B12="",0,COUNTIFS(SMIX2CT!$D$2:$D$200,$B12,SMIX2CT!$H$2:$H$200,"P5")) -> 0 | M12: =MAX(0.5,MIN(1.5,1+IF($B12="",0,SUMPRODUCT((SMIX2CT!$D$2:$D$200=$B12)*(SMIX2CT!$H$2:$H$200="P5")*SMIX2CT!$I$2:$I$200*0.01)))) -> 1 | N12: =IF($B12="",0,IFERROR(SUMPRODUCT((SMIX2CT!$D$2:$D$200=$B12)*SMIX2CT!$I$2:$I$200),0)) -> -2 | O12: =D12+F12+H12+J12+L12 -> 0
A13: Alexis Martínez Vaca | B13: Martínez Vaca, Alexis | C13: amartinez5@alumnat.copernic.cat | D13: =IF($B13="",0,COUNTIFS(SMIX2CT!$D$2:$D$200,$B13,SMIX2CT!$H$2:$H$200,"P1")) -> 0 | E13: =MAX(0.5,MIN(1.5,1+IF($B13="",0,SUMPRODUCT((SMIX2CT!$D$2:$D$200=$B13)*(SMIX2CT!$H$2:$H$200="P1")*SMIX2CT!$I$2:$I$200*0.01)))) -> 1 | F13: =IF($B13="",0,COUNTIFS(SMIX2CT!$D$2:$D$200,$B13,SMIX2CT!$H$2:$H$200,"P2")) -> 0 | G13: =MAX(0.5,MIN(1.5,1+IF($B13="",0,SUMPRODUCT((SMIX2CT!$D$2:$D$200=$B13)*(SMIX2CT!$H$2:$H$200="P2")*SMIX2CT!$I$2:$I$200*0.01)))) -> 1 | H13: =IF($B13="",0,COUNTIFS(SMIX2CT!$D$2:$D$200,$B13,SMIX2CT!$H$2:$H$200,"P3")) -> 0 | I13: =MAX(0.5,MIN(1.5,1+IF($B13="",0,SUMPRODUCT((SMIX2CT!$D$2:$D$200=$B13)*(SMIX2CT!$H$2:$H$200="P3")*SMIX2CT!$I$2:$I$200*0.01)))) -> 1 | J13: =IF($B13="",0,COUNTIFS(SMIX2CT!$D$2:$D$200,$B13,SMIX2CT!$H$2:$H$200,"P4")) -> 0 | K13: =MAX(0.5,MIN(1.5,1+IF($B13="",0,SUMPRODUCT((SMIX2CT!$D$2:$D$200=$B13)*(SMIX2CT!$H$2:$H$200="P4")*SMIX2CT!$I$2:$I$200*0.01)))) -> 1 | L13: =IF($B13="",0,COUNTIFS(SMIX2CT!$D$2:$D$200,$B13,SMIX2CT!$H$2:$H$200,"P5")) -> 0 | M13: =MAX(0.5,MIN(1.5,1+IF($B13="",0,SUMPRODUCT((SMIX2CT!$D$2:$D$200=$B13)*(SMIX2CT!$H$2:$H$200="P5")*SMIX2CT!$I$2:$I$200*0.01)))) -> 1 | N13: =IF($B13="",0,IFERROR(SUMPRODUCT((SMIX2CT!$D$2:$D$200=$B13)*SMIX2CT!$I$2:$I$200),0)) -> 4 | O13: =D13+F13+H13+J13+L13 -> 0
A14: Eric Mena Martínez | B14: Mena Martínez, Eric | C14: emena@alumnat.copernic.cat | D14: =IF($B14="",0,COUNTIFS(SMIX2CT!$D$2:$D$200,$B14,SMIX2CT!$H$2:$H$200,"P1")) -> 0 | E14: =MAX(0.5,MIN(1.5,1+IF($B14="",0,SUMPRODUCT((SMIX2CT!$D$2:$D$200=$B14)*(SMIX2CT!$H$2:$H$200="P1")*SMIX2CT!$I$2:$I$200*0.01)))) -> 1 | F14: =IF($B14="",0,COUNTIFS(SMIX2CT!$D$2:$D$200,$B14,SMIX2CT!$H$2:$H$200,"P2")) -> 0 | G14: =MAX(0.5,MIN(1.5,1+IF($B14="",0,SUMPRODUCT((SMIX2CT!$D$2:$D$200=$B14)*(SMIX2CT!$H$2:$H$200="P2")*SMIX2CT!$I$2:$I$200*0.01)))) -> 1 | H14: =IF($B14="",0,COUNTIFS(SMIX2CT!$D$2:$D$200,$B14,SMIX2CT!$H$2:$H$200,"P3")) -> 0 | I14: =MAX(0.5,MIN(1.5,1+IF($B14="",0,SUMPRODUCT((SMIX2CT!$D$2:$D$200=$B14)*(SMIX2CT!$H$2:$H$200="P3")*SMIX2CT!$I$2:$I$200*0.01)))) -> 1 | J14: =IF($B14="",0,COUNTIFS(SMIX2CT!$D$2:$D$200,$B14,SMIX2CT!$H$2:$H$200,"P4")) -> 0 | K14: =MAX(0.5,MIN(1.5,1+IF($B14="",0,SUMPRODUCT((SMIX2CT!$D$2:$D$200=$B14)*(SMIX2CT!$H$2:$H$200="P4")*SMIX2CT!$I$2:$I$200*0.01)))) -> 1 | L14: =IF($B14="",0,COUNTIFS(SMIX2CT!$D$2:$D$200,$B14,SMIX2CT!$H$2:$H$200,"P5")) -> 0 | M14: =MAX(0.5,MIN(1.5,1+IF($B14="",0,SUMPRODUCT((SMIX2CT!$D$2:$D$200=$B14)*(SMIX2CT!$H$2:$H$200="P5")*SMIX2CT!$I$2:$I$200*0.01)))) -> 1 | N14: =IF($B14="",0,IFERROR(SUMPRODUCT((SMIX2CT!$D$2:$D$200=$B14)*SMIX2CT!$I$2:$I$200),0)) -> -1 | O14: =D14+F14+H14+J14+L14 -> 0
A15: Miguel Angel Otero Almonte | B15: Otero Almonte, Miguel Angel | C15: maotero@alumnat.copernic.cat | D15: =IF($B15="",0,COUNTIFS(SMIX2CT!$D$2:$D$200,$B15,SMIX2CT!$H$2:$H$200,"P1")) -> 0 | E15: =MAX(0.5,MIN(1.5,1+IF($B15="",0,SUMPRODUCT((SMIX2CT!$D$2:$D$200=$B15)*(SMIX2CT!$H$2:$H$200="P1")*SMIX2CT!$I$2:$I$200*0.01)))) -> 1 | F15: =IF($B15="",0,COUNTIFS(SMIX2CT!$D$2:$D$200,$B15,SMIX2CT!$H$2:$H$200,"P2")) -> 0 | G15: =MAX(0.5,MIN(1.5,1+IF($B15="",0,SUMPRODUCT((SMIX2CT!$D$2:$D$200=$B15)*(SMIX2CT!$H$2:$H$200="P2")*SMIX2CT!$I$2:$I$200*0.01)))) -> 1 | H15: =IF($B15="",0,COUNTIFS(SMIX2CT!$D$2:$D$200,$B15,SMIX2CT!$H$2:$H$200,"P3")) -> 0 | I15: =MAX(0.5,MIN(1.5,1+IF($B15="",0,SUMPRODUCT((SMIX2CT!$D$2:$D$200=$B15)*(SMIX2CT!$H$2:$H$200="P3")*SMIX2CT!$I$2:$I$200*0.01)))) -> 1 | J15: =IF($B15="",0,COUNTIFS(SMIX2CT!$D$2:$D$200,$B15,SMIX2CT!$H$2:$H$200,"P4")) -> 0 | K15: =MAX(0.5,MIN(1.5,1+IF($B15="",0,SUMPRODUCT((SMIX2CT!$D$2:$D$200=$B15)*(SMIX2CT!$H$2:$H$200="P4")*SMIX2CT!$I$2:$I$200*0.01)))) -> 1 | L15: =IF($B15="",0,COUNTIFS(SMIX2CT!$D$2:$D$200,$B15,SMIX2CT!$H$2:$H$200,"P5")) -> 0 | M15: =MAX(0.5,MIN(1.5,1+IF($B15="",0,SUMPRODUCT((SMIX2CT!$D$2:$D$200=$B15)*(SMIX2CT!$H$2:$H$200="P5")*SMIX2CT!$I$2:$I$200*0.01)))) -> 1 | N15: =IF($B15="",0,IFERROR(SUMPRODUCT((SMIX2CT!$D$2:$D$200=$B15)*SMIX2CT!$I$2:$I$200),0)) -> -1 | O15: =D15+F15+H15+J15+L15 -> 0
A16: Elias Ouanguich Zitan | C16: eouanguich@alumnat.copernic.cat | D16: =IF($B16="",0,COUNTIFS(SMIX2CT!$D$2:$D$200,$B16,SMIX2CT!$H$2:$H$200,"P1")) -> 0 | E16: =MAX(0.5,MIN(1.5,1+IF($B16="",0,SUMPRODUCT((SMIX2CT!$D$2:$D$200=$B16)*(SMIX2CT!$H$2:$H$200="P1")*SMIX2CT!$I$2:$I$200*0.01)))) -> 1 | F16: =IF($B16="",0,COUNTIFS(SMIX2CT!$D$2:$D$200,$B16,SMIX2CT!$H$2:$H$200,"P2")) -> 0 | G16: =MAX(0.5,MIN(1.5,1+IF($B16="",0,SUMPRODUCT((SMIX2CT!$D$2:$D$200=$B16)*(SMIX2CT!$H$2:$H$200="P2")*SMIX2CT!$I$2:$I$200*0.01)))) -> 1 | H16: =IF($B16="",0,COUNTIFS(SMIX2CT!$D$2:$D$200,$B16,SMIX2CT!$H$2:$H$200,"P3")) -> 0 | I16: =MAX(0.5,MIN(1.5,1+IF($B16="",0,SUMPRODUCT((SMIX2CT!$D$2:$D$200=$B16)*(SMIX2CT!$H$2:$H$200="P3")*SMIX2CT!$I$2:$I$200*0.01)))) -> 1 | J16: =IF($B16="",0,COUNTIFS(SMIX2CT!$D$2:$D$200,$B16,SMIX2CT!$H$2:$H$200,"P4")) -> 0 | K16: =MAX(0.5,MIN(1.5,1+IF($B16="",0,SUMPRODUCT((SMIX2CT!$D$2:$D$200=$B16)*(SMIX2CT!$H$2:$H$200="P4")*SMIX2CT!$I$2:$I$200*0.01)))) -> 1 | L16: =IF($B16="",0,COUNTIFS(SMIX2CT!$D$2:$D$200,$B16,SMIX2CT!$H$2:$H$200,"P5")) -> 0 | M16: =MAX(0.5,MIN(1.5,1+IF($B16="",0,SUMPRODUCT((SMIX2CT!$D$2:$D$200=$B16)*(SMIX2CT!$H$2:$H$200="P5")*SMIX2CT!$I$2:$I$200*0.01)))) -> 1 | N16: =IF($B16="",0,IFERROR(SUMPRODUCT((SMIX2CT!$D$2:$D$200=$B16)*SMIX2CT!$I$2:$I$200),0)) -> 0 | O16: =D16+F16+H16+J16+L16 -> 0
A17: Eloy Pachon de Pablo | B17: Pachon de Pablo, Eloy | C17: epachon@alumnat.copernic.cat | D17: =IF($B17="",0,COUNTIFS(SMIX2CT!$D$2:$D$200,$B17,SMIX2CT!$H$2:$H$200,"P1")) -> 0 | E17: =MAX(0.5,MIN(1.5,1+IF($B17="",0,SUMPRODUCT((SMIX2CT!$D$2:$D$200=$B17)*(SMIX2CT!$H$2:$H$200="P1")*SMIX2CT!$I$2:$I$200*0.01)))) -> 1 | F17: =IF($B17="",0,COUNTIFS(SMIX2CT!$D$2:$D$200,$B17,SMIX2CT!$H$2:$H$200,"P2")) -> 0 | G17: =MAX(0.5,MIN(1.5,1+IF($B17="",0,SUMPRODUCT((SMIX2CT!$D$2:$D$200=$B17)*(SMIX2CT!$H$2:$H$200="P2")*SMIX2CT!$I$2:$I$200*0.01)))) -> 1 | H17: =IF($B17="",0,COUNTIFS(SMIX2CT!$D$2:$D$200,$B17,SMIX2CT!$H$2:$H$200,"P3")) -> 0 | I17: =MAX(0.5,MIN(1.5,1+IF($B17="",0,SUMPRODUCT((SMIX2CT!$D$2:$D$200=$B17)*(SMIX2CT!$H$2:$H$200="P3")*SMIX2CT!$I$2:$I$200*0.01)))) -> 1 | J17: =IF($B17="",0,COUNTIFS(SMIX2CT!$D$2:$D$200,$B17,SMIX2CT!$H$2:$H$200,"P4")) -> 0 | K17: =MAX(0.5,MIN(1.5,1+IF($B17="",0,SUMPRODUCT((SMIX2CT!$D$2:$D$200=$B17)*(SMIX2CT!$H$2:$H$200="P4")*SMIX2CT!$I$2:$I$200*0.01)))) -> 1 | L17: =IF($B17="",0,COUNTIFS(SMIX2CT!$D$2:$D$200,$B17,SMIX2CT!$H$2:$H$200,"P5")) -> 0 | M17: =MAX(0.5,MIN(1.5,1+IF($B17="",0,SUMPRODUCT((SMIX2CT!$D$2:$D$200=$B17)*(SMIX2CT!$H$2:$H$200="P5")*SMIX2CT!$I$2:$I$200*0.01)))) -> 1 | N17: =IF($B17="",0,IFERROR(SUMPRODUCT((SMIX2CT!$D$2:$D$200=$B17)*SMIX2CT!$I$2:$I$200),0)) -> -1 | O17: =D17+F17+H17+J17+L17 -> 0
A18: Eric Pérez Segura | B18: Pérez Segura, Eric | C18: eperez2@alumnat.copernic.cat | D18: =IF($B18="",0,COUNTIFS(SMIX2CT!$D$2:$D$200,$B18,SMIX2CT!$H$2:$H$200,"P1")) -> 0 | E18: =MAX(0.5,MIN(1.5,1+IF($B18="",0,SUMPRODUCT((SMIX2CT!$D$2:$D$200=$B18)*(SMIX2CT!$H$2:$H$200="P1")*SMIX2CT!$I$2:$I$200*0.01)))) -> 1 | F18: =IF($B18="",0,COUNTIFS(SMIX2CT!$D$2:$D$200,$B18,SMIX2CT!$H$2:$H$200,"P2")) -> 0 | G18: =MAX(0.5,MIN(1.5,1+IF($B18="",0,SUMPRODUCT((SMIX2CT!$D$2:$D$200=$B18)*(SMIX2CT!$H$2:$H$200="P2")*SMIX2CT!$I$2:$I$200*0.01)))) -> 1 | H18: =IF($B18="",0,COUNTIFS(SMIX2CT!$D$2:$D$200,$B18,SMIX2CT!$H$2:$H$200,"P3")) -> 0 | I18: =MAX(0.5,MIN(1.5,1+IF($B18="",0,SUMPRODUCT((SMIX2CT!$D$2:$D$200=$B18)*(SMIX2CT!$H$2:$H$200="P3")*SMIX2CT!$I$2:$I$200*0.01)))) -> 1 | J18: =IF($B18="",0,COUNTIFS(SMIX2CT!$D$2:$D$200,$B18,SMIX2CT!$H$2:$H$200,"P4")) -> 0 | K18: =MAX(0.5,MIN(1.5,1+IF($B18="",0,SUMPRODUCT((SMIX2CT!$D$2:$D$200=$B18)*(SMIX2CT!$H$2:$H$200="P4")*SMIX2CT!$I$2:$I$200*0.01)))) -> 1 | L18: =IF($B18="",0,COUNTIFS(SMIX2CT!$D$2:$D$200,$B18,SMIX2CT!$H$2:$H$200,"P5")) -> 0 | M18: =MAX(0.5,MIN(1.5,1+IF($B18="",0,SUMPRODUCT((SMIX2CT!$D$2:$D$200=$B18)*(SMIX2CT!$H$2:$H$200="P5")*SMIX2CT!$I$2:$I$200*0.01)))) -> 1 | N18: =IF($B18="",0,IFERROR(SUMPRODUCT((SMIX2CT!$D$2:$D$200=$B18)*SMIX2CT!$I$2:$I$200),0)) -> -1 | O18: =D18+F18+H18+J18+L18 -> 0
A19: Raul Nicolas Radu | C19: rnradu@alumnat.copernic.cat | D19: =IF($B19="",0,COUNTIFS(SMIX2CT!$D$2:$D$200,$B19,SMIX2CT!$H$2:$H$200,"P1")) -> 0 | E19: =MAX(0.5,MIN(1.5,1+IF($B19="",0,SUMPRODUCT((SMIX2CT!$D$2:$D$200=$B19)*(SMIX2CT!$H$2:$H$200="P1")*SMIX2CT!$I$2:$I$200*0.01)))) -> 1 | F19: =IF($B19="",0,COUNTIFS(SMIX2CT!$D$2:$D$200,$B19,SMIX2CT!$H$2:$H$200,"P2")) -> 0 | G19: =MAX(0.5,MIN(1.5,1+IF($B19="",0,SUMPRODUCT((SMIX2CT!$D$2:$D$200=$B19)*(SMIX2CT!$H$2:$H$200="P2")*SMIX2CT!$I$2:$I$200*0.01)))) -> 1 | H19: =IF($B19="",0,COUNTIFS(SMIX2CT!$D$2:$D$200,$B19,SMIX2CT!$H$2:$H$200,"P3")) -> 0 | I19: =MAX(0.5,MIN(1.5,1+IF($B19="",0,SUMPRODUCT((SMIX2CT!$D$2:$D$200=$B19)*(SMIX2CT!$H$2:$H$200="P3")*SMIX2CT!$I$2:$I$200*0.01)))) -> 1 | J19: =IF($B19="",0,COUNTIFS(SMIX2CT!$D$2:$D$200,$B19,SMIX2CT!$H$2:$H$200,"P4")) -> 0 | K19: =MAX(0.5,MIN(1.5,1+IF($B19="",0,SUMPRODUCT((SMIX2CT!$D$2:$D$200=$B19)*(SMIX2CT!$H$2:$H$200="P4")*SMIX2CT!$I$2:$I$200*0.01)))) -> 1 | L19: =IF($B19="",0,COUNTIFS(SMIX2CT!$D$2:$D$200,$B19,SMIX2CT!$H$2:$H$200,"P5")) -> 0 | M19: =MAX(0.5,MIN(1.5,1+IF($B19="",0,SUMPRODUCT((SMIX2CT!$D$2:$D$200=$B19)*(SMIX2CT!$H$2:$H$200="P5")*SMIX2CT!$I$2:$I$200*0.01)))) -> 1 | N19: =IF($B19="",0,IFERROR(SUMPRODUCT((SMIX2CT!$D$2:$D$200=$B19)*SMIX2CT!$I$2:$I$200),0)) -> 0 | O19: =D19+F19+H19+J19+L19 -> 0
A20: Arnau Riera Ramirez | B20: Riera Ramirez, Arnau | C20: ariera@alumnat.copernic.cat | D20: =IF($B20="",0,COUNTIFS(SMIX2CT!$D$2:$D$200,$B20,SMIX2CT!$H$2:$H$200,"P1")) -> 0 | E20: =MAX(0.5,MIN(1.5,1+IF($B20="",0,SUMPRODUCT((SMIX2CT!$D$2:$D$200=$B20)*(SMIX2CT!$H$2:$H$200="P1")*SMIX2CT!$I$2:$I$200*0.01)))) -> 1 | F20: =IF($B20="",0,COUNTIFS(SMIX2CT!$D$2:$D$200,$B20,SMIX2CT!$H$2:$H$200,"P2")) -> 0 | G20: =MAX(0.5,MIN(1.5,1+IF($B20="",0,SUMPRODUCT((SMIX2CT!$D$2:$D$200=$B20)*(SMIX2CT!$H$2:$H$200="P2")*SMIX2CT!$I$2:$I$200*0.01)))) -> 1 | H20: =IF($B20="",0,COUNTIFS(SMIX2CT!$D$2:$D$200,$B20,SMIX2CT!$H$2:$H$200,"P3")) -> 0 | I20: =MAX(0.5,MIN(1.5,1+IF($B20="",0,SUMPRODUCT((SMIX2CT!$D$2:$D$200=$B20)*(SMIX2CT!$H$2:$H$200="P3")*SMIX2CT!$I$2:$I$200*0.01)))) -> 1 | J20: =IF($B20="",0,COUNTIFS(SMIX2CT!$D$2:$D$200,$B20,SMIX2CT!$H$2:$H$200,"P4")) -> 0 | K20: =MAX(0.5,MIN(1.5,1+IF($B20="",0,SUMPRODUCT((SMIX2CT!$D$2:$D$200=$B20)*(SMIX2CT!$H$2:$H$200="P4")*SMIX2CT!$I$2:$I$200*0.01)))) -> 1 | L20: =IF($B20="",0,COUNTIFS(SMIX2CT!$D$2:$D$200,$B20,SMIX2CT!$H$2:$H$200,"P5")) -> 0 | M20: =MAX(0.5,MIN(1.5,1+IF($B20="",0,SUMPRODUCT((SMIX2CT!$D$2:$D$200=$B20)*(SMIX2CT!$H$2:$H$200="P5")*SMIX2CT!$I$2:$I$200*0.01)))) -> 1 | N20: =IF($B20="",0,IFERROR(SUMPRODUCT((SMIX2CT!$D$2:$D$200=$B20)*SMIX2CT!$I$2:$I$200),0)) -> -2 | O20: =D20+F20+H20+J20+L20 -> 0
A21: Alvaro Rodríguez Fernández | B21: Rodríguez Fernández, Alvaro | C21: arodriguez1@alumnat.copernic.cat | D21: =IF($B21="",0,COUNTIFS(SMIX2CT!$D$2:$D$200,$B21,SMIX2CT!$H$2:$H$200,"P1")) -> 0 | E21: =MAX(0.5,MIN(1.5,1+IF($B21="",0,SUMPRODUCT((SMIX2CT!$D$2:$D$200=$B21)*(SMIX2CT!$H$2:$H$200="P1")*SMIX2CT!$I$2:$I$200*0.01)))) -> 1 | F21: =IF($B21="",0,COUNTIFS(SMIX2CT!$D$2:$D$200,$B21,SMIX2CT!$H$2:$H$200,"P2")) -> 0 | G21: =MAX(0.5,MIN(1.5,1+IF($B21="",0,SUMPRODUCT((SMIX2CT!$D$2:$D$200=$B21)*(SMIX2CT!$H$2:$H$200="P2")*SMIX2CT!$I$2:$I$200*0.01)))) -> 1 | H21: =IF($B21="",0,COUNTIFS(SMIX2CT!$D$2:$D$200,$B21,SMIX2CT!$H$2:$H$200,"P3")) -> 0 | I21: =MAX(0.5,MIN(1.5,1+IF($B21="",0,SUMPRODUCT((SMIX2CT!$D$2:$D$200=$B21)*(SMIX2CT!$H$2:$H$200="P3")*SMIX2CT!$I$2:$I$200*0.01)))) -> 1 | J21: =IF($B21="",0,COUNTIFS(SMIX2CT!$D$2:$D$200,$B21,SMIX2CT!$H$2:$H$200,"P4")) -> 0 | K21: =MAX(0.5,MIN(1.5,1+IF($B21="",0,SUMPRODUCT((SMIX2CT!$D$2:$D$200=$B21)*(SMIX2CT!$H$2:$H$200="P4")*SMIX2CT!$I$2:$I$200*0.01)))) -> 1 | L21: =IF($B21="",0,COUNTIFS(SMIX2CT!$D$2:$D$200,$B21,SMIX2CT!$H$2:$H$200,"P5")) -> 0 | M21: =MAX(0.5,MIN(1.5,1+IF($B21="",0,SUMPRODUCT((SMIX2CT!$D$2:$D$200=$B21)*(SMIX2CT!$H$2:$H$200="P5")*SMIX2CT!$I$2:$I$200*0.01)))) -> 1 | N21: =IF($B21="",0,IFERROR(SUMPRODUCT((SMIX2CT!$D$2:$D$200=$B21)*SMIX2CT!$I$2:$I$200),0)) -> 1 | O21: =D21+F21+H21+J21+L21 -> 0
A22: Giovanni Rodríguez Morato | B22: Rodríguez Morato, Giovanni | C22: grodriguez@alumnat.copernic.cat | D22: =IF($B22="",0,COUNTIFS(SMIX2CT!$D$2:$D$200,$B22,SMIX2CT!$H$2:$H$200,"P1")) -> 0 | E22: =MAX(0.5,MIN(1.5,1+IF($B22="",0,SUMPRODUCT((SMIX2CT!$D$2:$D$200=$B22)*(SMIX2CT!$H$2:$H$200="P1")*SMIX2CT!$I$2:$I$200*0.01)))) -> 1 | F22: =IF($B22="",0,COUNTIFS(SMIX2CT!$D$2:$D$200,$B22,SMIX2CT!$H$2:$H$200,"P2")) -> 0 | G22: =MAX(0.5,MIN(1.5,1+IF($B22="",0,SUMPRODUCT((SMIX2CT!$D$2:$D$200=$B22)*(SMIX2CT!$H$2:$H$200="P2")*SMIX2CT!$I$2:$I$200*0.01)))) -> 1 | H22: =IF($B22="",0,COUNTIFS(SMIX2CT!$D$2:$D$200,$B22,SMIX2CT!$H$2:$H$200,"P3")) -> 0 | I22: =MAX(0.5,MIN(1.5,1+IF($B22="",0,SUMPRODUCT((SMIX2CT!$D$2:$D$200=$B22)*(SMIX2CT!$H$2:$H$200="P3")*SMIX2CT!$I$2:$I$200*0.01)))) -> 1 | J22: =IF($B22="",0,COUNTIFS(SMIX2CT!$D$2:$D$200,$B22,SMIX2CT!$H$2:$H$200,"P4")) -> 0 | K22: =MAX(0.5,MIN(1.5,1+IF($B22="",0,SUMPRODUCT((SMIX2CT!$D$2:$D$200=$B22)*(SMIX2CT!$H$2:$H$200="P4")*SMIX2CT!$I$2:$I$200*0.01)))) -> 1 | L22: =IF($B22="",0,COUNTIFS(SMIX2CT!$D$2:$D$200,$B22,SMIX2CT!$H$2:$H$200,"P5")) -> 0 | M22: =MAX(0.5,MIN(1.5,1+IF($B22="",0,SUMPRODUCT((SMIX2CT!$D$2:$D$200=$B22)*(SMIX2CT!$H$2:$H$200="P5")*SMIX2CT!$I$2:$I$200*0.01)))) -> 1 | N22: =IF($B22="",0,IFERROR(SUMPRODUCT((SMIX2CT!$D$2:$D$200=$B22)*SMIX2CT!$I$2:$I$200),0)) -> 1 | O22: =D22+F22+H22+J22+L22 -> 0
A23: Adam Yedder Fatih | B23: Yedder Fatih, Adam | C23: ayedder@alumnat.copernic.cat | D23: =IF($B23="",0,COUNTIFS(SMIX2CT!$D$2:$D$200,$B23,SMIX2CT!$H$2:$H$200,"P1")) -> 0 | E23: =MAX(0.5,MIN(1.5,1+IF($B23="",0,SUMPRODUCT((SMIX2CT!$D$2:$D$200=$B23)*(SMIX2CT!$H$2:$H$200="P1")*SMIX2CT!$I$2:$I$200*0.01)))) -> 1 | F23: =IF($B23="",0,COUNTIFS(SMIX2CT!$D$2:$D$200,$B23,SMIX2CT!$H$2:$H$200,"P2")) -> 0 | G23: =MAX(0.5,MIN(1.5,1+IF($B23="",0,SUMPRODUCT((SMIX2CT!$D$2:$D$200=$B23)*(SMIX2CT!$H$2:$H$200="P2")*SMIX2CT!$I$2:$I$200*0.01)))) -> 1 | H23: =IF($B23="",0,COUNTIFS(SMIX2CT!$D$2:$D$200,$B23,SMIX2CT!$H$2:$H$200,"P3")) -> 0 | I23: =MAX(0.5,MIN(1.5,1+IF($B23="",0,SUMPRODUCT((SMIX2CT!$D$2:$D$200=$B23)*(SMIX2CT!$H$2:$H$200="P3")*SMIX2CT!$I$2:$I$200*0.01)))) -> 1 | J23: =IF($B23="",0,COUNTIFS(SMIX2CT!$D$2:$D$200,$B23,SMIX2CT!$H$2:$H$200,"P4")) -> 0 | K23: =MAX(0.5,MIN(1.5,1+IF($B23="",0,SUMPRODUCT((SMIX2CT!$D$2:$D$200=$B23)*(SMIX2CT!$H$2:$H$200="P4")*SMIX2CT!$I$2:$I$200*0.01)))) -> 1 | L23: =IF($B23="",0,COUNTIFS(SMIX2CT!$D$2:$D$200,$B23,SMIX2CT!$H$2:$H$200,"P5")) -> 0 | M23: =MAX(0.5,MIN(1.5,1+IF($B23="",0,SUMPRODUCT((SMIX2CT!$D$2:$D$200=$B23)*(SMIX2CT!$H$2:$H$200="P5")*SMIX2CT!$I$2:$I$200*0.01)))) -> 1 | N23: =IF($B23="",0,IFERROR(SUMPRODUCT((SMIX2CT!$D$2:$D$200=$B23)*SMIX2CT!$I$2:$I$200),0)) -> 1 | O23: =D23+F23+H23+J23+L23 -> 0
D24: =IF($B24="",0,COUNTIFS(SMIX2CT!$D$2:$D$200,$B24,SMIX2CT!$H$2:$H$200,"P1")) -> 0 | E24: =MAX(0.5,MIN(1.5,1+IF($B24="",0,SUMPRODUCT((SMIX2CT!$D$2:$D$200=$B24)*(SMIX2CT!$H$2:$H$200="P1")*SMIX2CT!$I$2:$I$200*0.01)))) -> 1 | F24: =IF($B24="",0,COUNTIFS(SMIX2CT!$D$2:$D$200,$B24,SMIX2CT!$H$2:$H$200,"P2")) -> 0 | G24: =MAX(0.5,MIN(1.5,1+IF($B24="",0,SUMPRODUCT((SMIX2CT!$D$2:$D$200=$B24)*(SMIX2CT!$H$2:$H$200="P2")*SMIX2CT!$I$2:$I$200*0.01)))) -> 1 | H24: =IF($B24="",0,COUNTIFS(SMIX2CT!$D$2:$D$200,$B24,SMIX2CT!$H$2:$H$200,"P3")) -> 0 | I24: =MAX(0.5,MIN(1.5,1+IF($B24="",0,SUMPRODUCT((SMIX2CT!$D$2:$D$200=$B24)*(SMIX2CT!$H$2:$H$200="P3")*SMIX2CT!$I$2:$I$200*0.01)))) -> 1 | J24: =IF($B24="",0,COUNTIFS(SMIX2CT!$D$2:$D$200,$B24,SMIX2CT!$H$2:$H$200,"P4")) -> 0 | K24: =MAX(0.5,MIN(1.5,1+IF($B24="",0,SUMPRODUCT((SMIX2CT!$D$2:$D$200=$B24)*(SMIX2CT!$H$2:$H$200="P4")*SMIX2CT!$I$2:$I$200*0.01)))) -> 1 | L24: =IF($B24="",0,COUNTIFS(SMIX2CT!$D$2:$D$200,$B24,SMIX2CT!$H$2:$H$200,"P5")) -> 0 | M24: =MAX(0.5,MIN(1.5,1+IF($B24="",0,SUMPRODUCT((SMIX2CT!$D$2:$D$200=$B24)*(SMIX2CT!$H$2:$H$200="P5")*SMIX2CT!$I$2:$I$200*0.01)))) -> 1 | N24: =IF($B24="",0,IFERROR(SUMPRODUCT((SMIX2CT!$D$2:$D$200=$B24)*SMIX2CT!$I$2:$I$200),0)) -> 0 | O24: =D24+F24+H24+J24+L24 -> 0
D25: =IF($B25="",0,COUNTIFS(SMIX2CT!$D$2:$D$200,$B25,SMIX2CT!$H$2:$H$200,"P1")) -> 0 | E25: =MAX(0.5,MIN(1.5,1+IF($B25="",0,SUMPRODUCT((SMIX2CT!$D$2:$D$200=$B25)*(SMIX2CT!$H$2:$H$200="P1")*SMIX2CT!$I$2:$I$200*0.01)))) -> 1 | F25: =IF($B25="",0,COUNTIFS(SMIX2CT!$D$2:$D$200,$B25,SMIX2CT!$H$2:$H$200,"P2")) -> 0 | G25: =MAX(0.5,MIN(1.5,1+IF($B25="",0,SUMPRODUCT((SMIX2CT!$D$2:$D$200=$B25)*(SMIX2CT!$H$2:$H$200="P2")*SMIX2CT!$I$2:$I$200*0.01)))) -> 1 | H25: =IF($B25="",0,COUNTIFS(SMIX2CT!$D$2:$D$200,$B25,SMIX2CT!$H$2:$H$200,"P3")) -> 0 | I25: =MAX(0.5,MIN(1.5,1+IF($B25="",0,SUMPRODUCT((SMIX2CT!$D$2:$D$200=$B25)*(SMIX2CT!$H$2:$H$200="P3")*SMIX2CT!$I$2:$I$200*0.01)))) -> 1 | J25: =IF($B25="",0,COUNTIFS(SMIX2CT!$D$2:$D$200,$B25,SMIX2CT!$H$2:$H$200,"P4")) -> 0 | K25: =MAX(0.5,MIN(1.5,1+IF($B25="",0,SUMPRODUCT((SMIX2CT!$D$2:$D$200=$B25)*(SMIX2CT!$H$2:$H$200="P4")*SMIX2CT!$I$2:$I$200*0.01)))) -> 1 | L25: =IF($B25="",0,COUNTIFS(SMIX2CT!$D$2:$D$200,$B25,SMIX2CT!$H$2:$H$200,"P5")) -> 0 | M25: =MAX(0.5,MIN(1.5,1+IF($B25="",0,SUMPRODUCT((SMIX2CT!$D$2:$D$200=$B25)*(SMIX2CT!$H$2:$H$200="P5")*SMIX2CT!$I$2:$I$200*0.01)))) -> 1 | N25: =IF($B25="",0,IFERROR(SUMPRODUCT((SMIX2CT!$D$2:$D$200=$B25)*SMIX2CT!$I$2:$I$200),0)) -> 0 | O25: =D25+F25+H25+J25+L25 -> 0
D26: =IF($B26="",0,COUNTIFS(SMIX2CT!$D$2:$D$200,$B26,SMIX2CT!$H$2:$H$200,"P1")) -> 0 | E26: =MAX(0.5,MIN(1.5,1+IF($B26="",0,SUMPRODUCT((SMIX2CT!$D$2:$D$200=$B26)*(SMIX2CT!$H$2:$H$200="P1")*SMIX2CT!$I$2:$I$200*0.01)))) -> 1 | F26: =IF($B26="",0,COUNTIFS(SMIX2CT!$D$2:$D$200,$B26,SMIX2CT!$H$2:$H$200,"P2")) -> 0 | G26: =MAX(0.5,MIN(1.5,1+IF($B26="",0,SUMPRODUCT((SMIX2CT!$D$2:$D$200=$B26)*(SMIX2CT!$H$2:$H$200="P2")*SMIX2CT!$I$2:$I$200*0.01)))) -> 1 | H26: =IF($B26="",0,COUNTIFS(SMIX2CT!$D$2:$D$200,$B26,SMIX2CT!$H$2:$H$200,"P3")) -> 0 | I26: =MAX(0.5,MIN(1.5,1+IF($B26="",0,SUMPRODUCT((SMIX2CT!$D$2:$D$200=$B26)*(SMIX2CT!$H$2:$H$200="P3")*SMIX2CT!$I$2:$I$200*0.01)))) -> 1 | J26: =IF($B26="",0,COUNTIFS(SMIX2CT!$D$2:$D$200,$B26,SMIX2CT!$H$2:$H$200,"P4")) -> 0 | K26: =MAX(0.5,MIN(1.5,1+IF($B26="",0,SUMPRODUCT((SMIX2CT!$D$2:$D$200=$B26)*(SMIX2CT!$H$2:$H$200="P4")*SMIX2CT!$I$2:$I$200*0.01)))) -> 1 | L26: =IF($B26="",0,COUNTIFS(SMIX2CT!$D$2:$D$200,$B26,SMIX2CT!$H$2:$H$200,"P5")) -> 0 | M26: =MAX(0.5,MIN(1.5,1+IF($B26="",0,SUMPRODUCT((SMIX2CT!$D$2:$D$200=$B26)*(SMIX2CT!$H$2:$H$200="P5")*SMIX2CT!$I$2:$I$200*0.01)))) -> 1 | N26: =IF($B26="",0,IFERROR(SUMPRODUCT((SMIX2CT!$D$2:$D$200=$B26)*SMIX2CT!$I$2:$I$200),0)) -> 0 | O26: =D26+F26+H26+J26+L26 -> 0
D27: =IF($B27="",0,COUNTIFS(SMIX2CT!$D$2:$D$200,$B27,SMIX2CT!$H$2:$H$200,"P1")) -> 0 | E27: =MAX(0.5,MIN(1.5,1+IF($B27="",0,SUMPRODUCT((SMIX2CT!$D$2:$D$200=$B27)*(SMIX2CT!$H$2:$H$200="P1")*SMIX2CT!$I$2:$I$200*0.01)))) -> 1 | F27: =IF($B27="",0,COUNTIFS(SMIX2CT!$D$2:$D$200,$B27,SMIX2CT!$H$2:$H$200,"P2")) -> 0 | G27: =MAX(0.5,MIN(1.5,1+IF($B27="",0,SUMPRODUCT((SMIX2CT!$D$2:$D$200=$B27)*(SMIX2CT!$H$2:$H$200="P2")*SMIX2CT!$I$2:$I$200*0.01)))) -> 1 | H27: =IF($B27="",0,COUNTIFS(SMIX2CT!$D$2:$D$200,$B27,SMIX2CT!$H$2:$H$200,"P3")) -> 0 | I27: =MAX(0.5,MIN(1.5,1+IF($B27="",0,SUMPRODUCT((SMIX2CT!$D$2:$D$200=$B27)*(SMIX2CT!$H$2:$H$200="P3")*SMIX2CT!$I$2:$I$200*0.01)))) -> 1 | J27: =IF($B27="",0,COUNTIFS(SMIX2CT!$D$2:$D$200,$B27,SMIX2CT!$H$2:$H$200,"P4")) -> 0 | K27: =MAX(0.5,MIN(1.5,1+IF($B27="",0,SUMPRODUCT((SMIX2CT!$D$2:$D$200=$B27)*(SMIX2CT!$H$2:$H$200="P4")*SMIX2CT!$I$2:$I$200*0.01)))) -> 1 | L27: =IF($B27="",0,COUNTIFS(SMIX2CT!$D$2:$D$200,$B27,SMIX2CT!$H$2:$H$200,"P5")) -> 0 | M27: =MAX(0.5,MIN(1.5,1+IF($B27="",0,SUMPRODUCT((SMIX2CT!$D$2:$D$200=$B27)*(SMIX2CT!$H$2:$H$200="P5")*SMIX2CT!$I$2:$I$200*0.01)))) -> 1 | N27: =IF($B27="",0,IFERROR(SUMPRODUCT((SMIX2CT!$D$2:$D$200=$B27)*SMIX2CT!$I$2:$I$200),0)) -> 0 | O27: =D27+F27+H27+J27+L27 -> 0
D28: =IF($B28="",0,COUNTIFS(SMIX2CT!$D$2:$D$200,$B28,SMIX2CT!$H$2:$H$200,"P1")) -> 0 | E28: =MAX(0.5,MIN(1.5,1+IF($B28="",0,SUMPRODUCT((SMIX2CT!$D$2:$D$200=$B28)*(SMIX2CT!$H$2:$H$200="P1")*SMIX2CT!$I$2:$I$200*0.01)))) -> 1 | F28: =IF($B28="",0,COUNTIFS(SMIX2CT!$D$2:$D$200,$B28,SMIX2CT!$H$2:$H$200,"P2")) -> 0 | G28: =MAX(0.5,MIN(1.5,1+IF($B28="",0,SUMPRODUCT((SMIX2CT!$D$2:$D$200=$B28)*(SMIX2CT!$H$2:$H$200="P2")*SMIX2CT!$I$2:$I$200*0.01)))) -> 1 | H28: =IF($B28="",0,COUNTIFS(SMIX2CT!$D$2:$D$200,$B28,SMIX2CT!$H$2:$H$200,"P3")) -> 0 | I28: =MAX(0.5,MIN(1.5,1+IF($B28="",0,SUMPRODUCT((SMIX2CT!$D$2:$D$200=$B28)*(SMIX2CT!$H$2:$H$200="P3")*SMIX2CT!$I$2:$I$200*0.01)))) -> 1 | J28: =IF($B28="",0,COUNTIFS(SMIX2CT!$D$2:$D$200,$B28,SMIX2CT!$H$2:$H$200,"P4")) -> 0 | K28: =MAX(0.5,MIN(1.5,1+IF($B28="",0,SUMPRODUCT((SMIX2CT!$D$2:$D$200=$B28)*(SMIX2CT!$H$2:$H$200="P4")*SMIX2CT!$I$2:$I$200*0.01)))) -> 1 | L28: =IF($B28="",0,COUNTIFS(SMIX2CT!$D$2:$D$200,$B28,SMIX2CT!$H$2:$H$200,"P5")) -> 0 | M28: =MAX(0.5,MIN(1.5,1+IF($B28="",0,SUMPRODUCT((SMIX2CT!$D$2:$D$200=$B28)*(SMIX2CT!$H$2:$H$200="P5")*SMIX2CT!$I$2:$I$200*0.01)))) -> 1 | N28: =IF($B28="",0,IFERROR(SUMPRODUCT((SMIX2CT!$D$2:$D$200=$B28)*SMIX2CT!$I$2:$I$200),0)) -> 0 | O28: =D28+F28+H28+J28+L28 -> 0
D29: =IF($B29="",0,COUNTIFS(SMIX2CT!$D$2:$D$200,$B29,SMIX2CT!$H$2:$H$200,"P1")) -> 0 | E29: =MAX(0.5,MIN(1.5,1+IF($B29="",0,SUMPRODUCT((SMIX2CT!$D$2:$D$200=$B29)*(SMIX2CT!$H$2:$H$200="P1")*SMIX2CT!$I$2:$I$200*0.01)))) -> 1 | F29: =IF($B29="",0,COUNTIFS(SMIX2CT!$D$2:$D$200,$B29,SMIX2CT!$H$2:$H$200,"P2")) -> 0 | G29: =MAX(0.5,MIN(1.5,1+IF($B29="",0,SUMPRODUCT((SMIX2CT!$D$2:$D$200=$B29)*(SMIX2CT!$H$2:$H$200="P2")*SMIX2CT!$I$2:$I$200*0.01)))) -> 1 | H29: =IF($B29="",0,COUNTIFS(SMIX2CT!$D$2:$D$200,$B29,SMIX2CT!$H$2:$H$200,"P3")) -> 0 | I29: =MAX(0.5,MIN(1.5,1+IF($B29="",0,SUMPRODUCT((SMIX2CT!$D$2:$D$200=$B29)*(SMIX2CT!$H$2:$H$200="P3")*SMIX2CT!$I$2:$I$200*0.01)))) -> 1 | J29: =IF($B29="",0,COUNTIFS(SMIX2CT!$D$2:$D$200,$B29,SMIX2CT!$H$2:$H$200,"P4")) -> 0 | K29: =MAX(0.5,MIN(1.5,1+IF($B29="",0,SUMPRODUCT((SMIX2CT!$D$2:$D$200=$B29)*(SMIX2CT!$H$2:$H$200="P4")*SMIX2CT!$I$2:$I$200*0.01)))) -> 1 | L29: =IF($B29="",0,COUNTIFS(SMIX2CT!$D$2:$D$200,$B29,SMIX2CT!$H$2:$H$200,"P5")) -> 0 | M29: =MAX(0.5,MIN(1.5,1+IF($B29="",0,SUMPRODUCT((SMIX2CT!$D$2:$D$200=$B29)*(SMIX2CT!$H$2:$H$200="P5")*SMIX2CT!$I$2:$I$200*0.01)))) -> 1 | N29: =IF($B29="",0,IFERROR(SUMPRODUCT((SMIX2CT!$D$2:$D$200=$B29)*SMIX2CT!$I$2:$I$200),0)) -> 0 | O29: =D29+F29+H29+J29+L29 -> 0
A30: Recull incidències per alumne | B30: Selector alumne | C30: Selector mes | D30: =IF($B30="",0,COUNTIFS(SMIX2CT!$D$2:$D$200,$B30,SMIX2CT!$H$2:$H$200,"P1")) -> 0 | E30: =MAX(0.5,MIN(1.5,1+IF($B30="",0,SUMPRODUCT((SMIX2CT!$D$2:$D$200=$B30)*(SMIX2CT!$H$2:$H$200="P1")*SMIX2CT!$I$2:$I$200*0.01)))) -> 1 | F30: =IF($B30="",0,COUNTIFS(SMIX2CT!$D$2:$D$200,$B30,SMIX2CT!$H$2:$H$200,"P2")) -> 0 | G30: =MAX(0.5,MIN(1.5,1+IF($B30="",0,SUMPRODUCT((SMIX2CT!$D$2:$D$200=$B30)*(SMIX2CT!$H$2:$H$200="P2")*SMIX2CT!$I$2:$I$200*0.01)))) -> 1 | H30: =IF($B30="",0,COUNTIFS(SMIX2CT!$D$2:$D$200,$B30,SMIX2CT!$H$2:$H$200,"P3")) -> 0 | I30: =MAX(0.5,MIN(1.5,1+IF($B30="",0,SUMPRODUCT((SMIX2CT!$D$2:$D$200=$B30)*(SMIX2CT!$H$2:$H$200="P3")*SMIX2CT!$I$2:$I$200*0.01)))) -> 1 | J30: =IF($B30="",0,COUNTIFS(SMIX2CT!$D$2:$D$200,$B30,SMIX2CT!$H$2:$H$200,"P4")) -> 0 | K30: =MAX(0.5,MIN(1.5,1+IF($B30="",0,SUMPRODUCT((SMIX2CT!$D$2:$D$200=$B30)*(SMIX2CT!$H$2:$H$200="P4")*SMIX2CT!$I$2:$I$200*0.01)))) -> 1 | L30: =IF($B30="",0,COUNTIFS(SMIX2CT!$D$2:$D$200,$B30,SMIX2CT!$H$2:$H$200,"P5")) -> 0 | M30: =MAX(0.5,MIN(1.5,1+IF($B30="",0,SUMPRODUCT((SMIX2CT!$D$2:$D$200=$B30)*(SMIX2CT!$H$2:$H$200="P5")*SMIX2CT!$I$2:$I$200*0.01)))) -> 1 | N30: =IF($B30="",0,IFERROR(SUMPRODUCT((SMIX2CT!$D$2:$D$200=$B30)*SMIX2CT!$I$2:$I$200),0)) -> 0 | O30: =D30+F30+H30+J30+L30 -> 0
A31: Query que llista les observacions de millors a pitjors durant el període de treball | D31: =IF($B31="",0,COUNTIFS(SMIX2CT!$D$2:$D$200,$B31,SMIX2CT!$H$2:$H$200,"P1")) -> 0 | E31: =MAX(0.5,MIN(1.5,1+IF($B31="",0,SUMPRODUCT((SMIX2CT!$D$2:$D$200=$B31)*(SMIX2CT!$H$2:$H$200="P1")*SMIX2CT!$I$2:$I$200*0.01)))) -> 1 | F31: =IF($B31="",0,COUNTIFS(SMIX2CT!$D$2:$D$200,$B31,SMIX2CT!$H$2:$H$200,"P2")) -> 0 | G31: =MAX(0.5,MIN(1.5,1+IF($B31="",0,SUMPRODUCT((SMIX2CT!$D$2:$D$200=$B31)*(SMIX2CT!$H$2:$H$200="P2")*SMIX2CT!$I$2:$I$200*0.01)))) -> 1 | H31: =IF($B31="",0,COUNTIFS(SMIX2CT!$D$2:$D$200,$B31,SMIX2CT!$H$2:$H$200,"P3")) -> 0 | I31: =MAX(0.5,MIN(1.5,1+IF($B31="",0,SUMPRODUCT((SMIX2CT!$D$2:$D$200=$B31)*(SMIX2CT!$H$2:$H$200="P3")*SMIX2CT!$I$2:$I$200*0.01)))) -> 1 | J31: =IF($B31="",0,COUNTIFS(SMIX2CT!$D$2:$D$200,$B31,SMIX2CT!$H$2:$H$200,"P4")) -> 0 | K31: =MAX(0.5,MIN(1.5,1+IF($B31="",0,SUMPRODUCT((SMIX2CT!$D$2:$D$200=$B31)*(SMIX2CT!$H$2:$H$200="P4")*SMIX2CT!$I$2:$I$200*0.01)))) -> 1 | L31: =IF($B31="",0,COUNTIFS(SMIX2CT!$D$2:$D$200,$B31,SMIX2CT!$H$2:$H$200,"P5")) -> 0 | M31: =MAX(0.5,MIN(1.5,1+IF($B31="",0,SUMPRODUCT((SMIX2CT!$D$2:$D$200=$B31)*(SMIX2CT!$H$2:$H$200="P5")*SMIX2CT!$I$2:$I$200*0.01)))) -> 1 | N31: =IF($B31="",0,IFERROR(SUMPRODUCT((SMIX2CT!$D$2:$D$200=$B31)*SMIX2CT!$I$2:$I$200),0)) -> 0 | O31: =D31+F31+H31+J31+L31 -> 0

Sheet SMIX2DT
A1: Marca de temps | B1: Adreça electrònica | C1: Professor | D1: Alumne | E1: Competència transversal observada | F1: Valoració | G1: Descripció breu del comportament observat | H1: Quin projecte estem fent? | I1: Puntuació
A2: 45944.854 | B2: pere.arnau@copernic.cat | C2: Pere Arnau | D2: Fernández Revelles, Aaron | E2: Autogestió del treball | F2: +1 (Destacable) - Comportament positiu a reforçar | G2: Bona feina! | H2: =IF(A2="","",IFERROR(CHOOSE(SUMPRODUCT((A2>=Calendari!$B$2:$B$6)*(A2<=Calendari!$C$2:$C$6)*{1,2,3,4,5}),"P1","P2","P3","P4","P5"),"")) | I2: =IF(F2="",0,IFERROR(VALUE(LEFT(TRIM(F2),FIND(" ",TRIM(F2))-1)),0)) -> 1
A3: 45944.854 | B3: pere.arnau@copernic.cat | C3: Pere Arnau | D3: Martínez Meca, Alexey | E3: Autogestió del treball | F3: +1 (Destacable) - Comportament positiu a reforçar | G3: Bona feina! | H3: =IF(A3="","",IFERROR(CHOOSE(SUMPRODUCT((A3>=Calendari!$B$2:$B$6)*(A3<=Calendari!$C$2:$C$6)*{1,2,3,4,5}),"P1","P2","P3","P4","P5"),"")) | I3: =IF(F3="",0,IFERROR(VALUE(LEFT(TRIM(F3),FIND(" ",TRIM(F3))-1)),0)) -> 1
A4: 45944.855 | B4: pere.arnau@copernic.cat | C4: Pere Arnau | D4: Perez Mondejar, Alexis Daniel | E4: Autogestió del treball | F4: +1 (Destacable) - Comportament positiu a reforçar | G4: Bona feina! | H4: =IF(A4="","",IFERROR(CHOOSE(SUMPRODUCT((A4>=Calendari!$B$2:$B$6)*(A4<=Calendari!$C$2:$C$6)*{1,2,3,4,5}),"P1","P2","P3","P4","P5"),"")) | I4: =IF(F4="",0,IFERROR(VALUE(LEFT(TRIM(F4),FIND(" ",TRIM(F4))-1)),0)) -> 1
A5: 45944.856 | B5: pere.arnau@copernic.cat | C5: Pere Arnau | D5: Rivas Almonte, Eder David | E5: Actitud professional | F5: 0 (Atenció) - Cal millorar, sense penalització | G5: Actitud poc professional | H5: =IF(A5="","",IFERROR(CHOOSE(SUMPRODUCT((A5>=Calendari!$B$2:$B$6)*(A5<=Calendari!$C$2:$C$6)*{1,2,3,4,5}),"P1","P2","P3","P4","P5"),"")) | I5: =IF(F5="",0,IFERROR(VALUE(LEFT(TRIM(F5),FIND(" ",TRIM(F5))-1)),0)) -> 0
A6: 45944.857 | B6: pere.arnau@copernic.cat | C6: Pere Arnau | D6: Tinoco Velasquez, Juan Diego | E6: Actitud professional | F6: 0 (Atenció) - Cal millorar, sense penalització | G6: Actitud poc professional | H6: =IF(A6="","",IFERROR(CHOOSE(SUMPRODUCT((A6>=Calendari!$B$2:$B$6)*(A6<=Calendari!$C$2:$C$6)*{1,2,3,4,5}),"P1","P2","P3","P4","P5"),"")) | I6: =IF(F6="",0,IFERROR(VALUE(LEFT(TRIM(F6),FIND(" ",TRIM(F6))-1)),0)) -> 0
A7: 45944.859 | B7: pere.arnau@copernic.cat | C7: Pere Arnau | D7: Pérez Barba, Raúl | E7: Actitud professional | F7: 0 (Atenció) - Cal millorar, sense penalització | G7: Llançar objectes als companys | H7: =IF(A7="","",IFERROR(CHOOSE(SUMPRODUCT((A7>=Calendari!$B$2:$B$6)*(A7<=Calendari!$C$2:$C$6)*{1,2,3,4,5}),"P1","P2","P3","P4","P5"),"")) | I7: =IF(F7="",0,IFERROR(VALUE(LEFT(TRIM(F7),FIND(" ",TRIM(F7))-1)),0)) -> 0
A8: 45944.866 | B8: pere.arnau@copernic.cat | C8: Pere Arnau | D8: Oughyad Oukhoutch, Adam | E8: Actitud professional | F8: +1 (Destacable) - Comportament positiu a reforçar | G8: Treball en equip molt bo | H8: =IF(A8="","",IFERROR(CHOOSE(SUMPRODUCT((A8>=Calendari!$B$2:$B$6)*(A8<=Calendari!$C$2:$C$6)*{1,2,3,4,5}),"P1","P2","P3","P4","P5"),"")) | I8: =IF(F8="",0,IFERROR(VALUE(LEFT(TRIM(F8),FIND(" ",TRIM(F8))-1)),0)) -> 1
A9: 45944.866 | B9: pere.arnau@copernic.cat | C9: Pere Arnau | D9: Jornet Tórtola, Adrià | E9: Actitud professional | F9: +1 (Destacable) - Comportament positiu a reforçar | G9: Treball en equip molt bo | H9: =IF(A9="","",IFERROR(CHOOSE(SUMPRODUCT((A9>=Calendari!$B$2:$B$6)*(A9<=Calendari!$C$2:$C$6)*{1,2,3,4,5}),"P1","P2","P3","P4","P5"),"")) | I9: =IF(F9="",0,IFERROR(VALUE(LEFT(TRIM(F9),FIND(" ",TRIM(F9))-1)),0)) -> 1
A10: 45944.866 | B10: pere.arnau@copernic.cat | C10: Pere Arnau | D10: Aroca Hinojo, Ibai | E10: Actitud professional | F10: +1 (Destacable) - Comportament positiu a reforçar | G10: Treball en equip molt bo | H10: =IF(A10="","",IFERROR(CHOOSE(SUMPRODUCT((A10>=Calendari!$B$2:$B$6)*(A10<=Calendari!$C$2:$C$6)*{1,2,3,4,5}),"P1","P2","P3","P4","P5"),"")) | I10: =IF(F10="",0,IFERROR(VALUE(LEFT(TRIM(F10),FIND(" ",TRIM(F10))-1)),0)) -> 1
A11: 45989.809 | B11: pere.arnau@copernic.cat | C11: Pere Arnau | D11: Pérez Barba, Raúl | E11: Autogestió del treball | F11: +2 (Excepcional) - Impacte clar en el grup o projecte | G11: Bona feina en classe | H11: =IF(A11="","",IFERROR(CHOOSE(SUMPRODUCT((A11>=Calendari!$B$2:$B$6)*(A11<=Calendari!$C$2:$C$6)*{1,2,3,4,5}),"P1","P2","P3","P4","P5"),"")) | I11: =IF(F11="",0,IFERROR(VALUE(LEFT(TRIM(F11),FIND(" ",TRIM(F11))-1)),0)) -> 2
A12: 45989.809 | B12: pere.arnau@copernic.cat | C12: Pere Arnau | D12: Sánchez Castelao, Àlex | E12: Autogestió del treball | F12: +2 (Excepcional) - Impacte clar en el grup o projecte | G12: Bona feina en classe | H12: =IF(A12="","",IFERROR(CHOOSE(SUMPRODUCT((A12>=Calendari!$B$2:$B$6)*(A12<=Calendari!$C$2:$C$6)*{1,2,3,4,5}),"P1","P2","P3","P4","P5"),"")) | I12: =IF(F12="",0,IFERROR(VALUE(LEFT(TRIM(F12),FIND(" ",TRIM(F12))-1)),0)) -> 2
A13: 45989.81 | B13: pere.arnau@copernic.cat | C13: Pere Arnau | D13: Oughyad Oukhoutch, Adam | E13: Autogestió del treball | F13: +2 (Excepcional) - Impacte clar en el grup o projecte | G13: Bona feina en classe | H13: =IF(A13="","",IFERROR(CHOOSE(SUMPRODUCT((A13>=Calendari!$B$2:$B$6)*(A13<=Calendari!$C$2:$C$6)*{1,2,3,4,5}),"P1","P2","P3","P4","P5"),"")) | I13: =IF(F13="",0,IFERROR(VALUE(LEFT(TRIM(F13),FIND(" ",TRIM(F13))-1)),0)) -> 2
... A20: 46147.743 | B20: joan.botella@copernic.cat | C20: Joan Botella | D20: Morante Polo, Aleix | E20: Autogestió del treball | F20: -1 (Crític) - Afecta negativament el projecte/equip | G20: No fa res durant la primera hora del dimarts 5/5/26 | H20: =IF(A20="","",IFERROR(CHOOSE(SUMPRODUCT((A20>=Calendari!$B$2:$B$6)*(A20<=Calendari!$C$2:$C$6)*{1,2,3,4,5}),"P1","P2","P3","P4","P5"),"")) | I20: =IF(F20="",0,IFERROR(VALUE(LEFT(TRIM(F20),FIND(" ",TRIM(F20))-1)),0)) -> -1
H21: =IF(A21="","",IFERROR(CHOOSE(SUMPRODUCT((A21>=Calendari!$B$2:$B$6)*(A21<=Calendari!$C$2:$C$6)*{1,2,3,4,5}),"P1","P2","P3","P4","P5"),"")) | I21: =IF(F21="",0,IFERROR(VALUE(LEFT(TRIM(F21),FIND(" ",TRIM(F21))-1)),0)) -> 0
H22: =IF(A22="","",IFERROR(CHOOSE(SUMPRODUCT((A22>=Calendari!$B$2:$B$6)*(A22<=Calendari!$C$2:$C$6)*{1,2,3,4,5}),"P1","P2","P3","P4","P5"),"")) | I22: =IF(F22="",0,IFERROR(VALUE(LEFT(TRIM(F22),FIND(" ",TRIM(F22))-1)),0)) -> 0
H23: =IF(A23="","",IFERROR(CHOOSE(SUMPRODUCT((A23>=Calendari!$B$2:$B$6)*(A23<=Calendari!$C$2:$C$6)*{1,2,3,4,5}),"P1","P2","P3","P4","P5"),"")) | I23: =IF(F23="",0,IFERROR(VALUE(LEFT(TRIM(F23),FIND(" ",TRIM(F23))-1)),0)) -> 0
H24: =IF(A24="","",IFERROR(CHOOSE(SUMPRODUCT((A24>=Calendari!$B$2:$B$6)*(A24<=Calendari!$C$2:$C$6)*{1,2,3,4,5}),"P1","P2","P3","P4","P5"),"")) | I24: =IF(F24="",0,IFERROR(VALUE(LEFT(TRIM(F24),FIND(" ",TRIM(F24))-1)),0)) -> 0
H25: =IF(A25="","",IFERROR(CHOOSE(SUMPRODUCT((A25>=Calendari!$B$2:$B$6)*(A25<=Calendari!$C$2:$C$6)*{1,2,3,4,5}),"P1","P2","P3","P4","P5"),"")) | I25: =IF(F25="",0,IFERROR(VALUE(LEFT(TRIM(F25),FIND(" ",TRIM(F25))-1)),0)) -> 0
H26: =IF(A26="","",IFERROR(CHOOSE(SUMPRODUCT((A26>=Calendari!$B$2:$B$6)*(A26<=Calendari!$C$2:$C$6)*{1,2,3,4,5}),"P1","P2","P3","P4","P5"),"")) | I26: =IF(F26="",0,IFERROR(VALUE(LEFT(TRIM(F26),FIND(" ",TRIM(F26))-1)),0)) -> 0
H27: =IF(A27="","",IFERROR(CHOOSE(SUMPRODUCT((A27>=Calendari!$B$2:$B$6)*(A27<=Calendari!$C$2:$C$6)*{1,2,3,4,5}),"P1","P2","P3","P4","P5"),"")) | I27: =IF(F27="",0,IFERROR(VALUE(LEFT(TRIM(F27),FIND(" ",TRIM(F27))-1)),0)) -> 0
H28: =IF(A28="","",IFERROR(CHOOSE(SUMPRODUCT((A28>=Calendari!$B$2:$B$6)*(A28<=Calendari!$C$2:$C$6)*{1,2,3,4,5}),"P1","P2","P3","P4","P5"),"")) | I28: =IF(F28="",0,IFERROR(VALUE(LEFT(TRIM(F28),FIND(" ",TRIM(F28))-1)),0)) -> 0
H29: =IF(A29="","",IFERROR(CHOOSE(SUMPRODUCT((A29>=Calendari!$B$2:$B$6)*(A29<=Calendari!$C$2:$C$6)*{1,2,3,4,5}),"P1","P2","P3","P4","P5"),"")) | I29: =IF(F29="",0,IFERROR(VALUE(LEFT(TRIM(F29),FIND(" ",TRIM(F29))-1)),0)) -> 0
H30: =IF(A30="","",IFERROR(CHOOSE(SUMPRODUCT((A30>=Calendari!$B$2:$B$6)*(A30<=Calendari!$C$2:$C$6)*{1,2,3,4,5}),"P1","P2","P3","P4","P5"),"")) | I30: =IF(F30="",0,IFERROR(VALUE(LEFT(TRIM(F30),FIND(" ",TRIM(F30))-1)),0)) -> 0
H31: =IF(A31="","",IFERROR(CHOOSE(SUMPRODUCT((A31>=Calendari!$B$2:$B$6)*(A31<=Calendari!$C$2:$C$6)*{1,2,3,4,5}),"P1","P2","P3","P4","P5"),"")) | I31: =IF(F31="",0,IFERROR(VALUE(LEFT(TRIM(F31),FIND(" ",TRIM(F31))-1)),0)) -> 0
H32: =IF(A32="","",IFERROR(CHOOSE(SUMPRODUCT((A32>=Calendari!$B$2:$B$6)*(A32<=Calendari!$C$2:$C$6)*{1,2,3,4,5}),"P1","P2","P3","P4","P5"),"")) | I32: =IF(F32="",0,IFERROR(VALUE(LEFT(TRIM(F32),FIND(" ",TRIM(F32))-1)),0)) -> 0
... H200: =IF(A200="","",IFERROR(CHOOSE(SUMPRODUCT((A200>=Calendari!$B$2:$B$6)*(A200<=Calendari!$C$2:$C$6)*{1,2,3,4,5}),"P1","P2","P3","P4","P5"),"")) | I200: =IF(F200="",0,IFERROR(VALUE(LEFT(TRIM(F200),FIND(" ",TRIM(F200))-1)),0)) -> 0

Sheet Alumnes_D
A1: SMIX2DT
A2: Nom i cognoms | B2: Cognoms, nom | C2: correu | D2: P1-obs | E2: P1-balanç | F2: P2-obs | G2: P2-balanç | H2: P3-obs | I2: P3-balanç | J2: P4-obs | K2: P4-balanç | L2: P5-obs | M2: P5-balanç | N2: Puntuació neta | O2: Total observacions
A3: Ibai Aroca Hinojo | B3: Aroca Hinojo, Ibai | C3: aroca.hinojo.ibai@alumnat.copernic.cat | D3: =IF($B3="",0,COUNTIFS(SMIX2DT!$D$2:$D$200,$B3,SMIX2DT!$H$2:$H$200,"P1")) -> 0 | E3: =MAX(0.5,MIN(1.5,1+IF($B3="",0,SUMPRODUCT((SMIX2DT!$D$2:$D$200=$B3)*(SMIX2DT!$H$2:$H$200="P1")*SMIX2DT!$I$2:$I$200*0.01)))) -> 1 | F3: =IF($B3="",0,COUNTIFS(SMIX2DT!$D$2:$D$200,$B3,SMIX2DT!$H$2:$H$200,"P2")) -> 0 | G3: =MAX(0.5,MIN(1.5,1+IF($B3="",0,SUMPRODUCT((SMIX2DT!$D$2:$D$200=$B3)*(SMIX2DT!$H$2:$H$200="P2")*SMIX2DT!$I$2:$I$200*0.01)))) -> 1 | H3: =IF($B3="",0,COUNTIFS(SMIX2DT!$D$2:$D$200,$B3,SMIX2DT!$H$2:$H$200,"P3")) -> 0 | I3: =MAX(0.5,MIN(1.5,1+IF($B3="",0,SUMPRODUCT((SMIX2DT!$D$2:$D$200=$B3)*(SMIX2DT!$H$2:$H$200="P3")*SMIX2DT!$I$2:$I$200*0.01)))) -> 1 | J3: =IF($B3="",0,COUNTIFS(SMIX2DT!$D$2:$D$200,$B3,SMIX2DT!$H$2:$H$200,"P4")) -> 0 | K3: =MAX(0.5,MIN(1.5,1+IF($B3="",0,SUMPRODUCT((SMIX2DT!$D$2:$D$200=$B3)*(SMIX2DT!$H$2:$H$200="P4")*SMIX2DT!$I$2:$I$200*0.01)))) -> 1 | L3: =IF($B3="",0,COUNTIFS(SMIX2DT!$D$2:$D$200,$B3,SMIX2DT!$H$2:$H$200,"P5")) -> 0 | M3: =MAX(0.5,MIN(1.5,1+IF($B3="",0,SUMPRODUCT((SMIX2DT!$D$2:$D$200=$B3)*(SMIX2DT!$H$2:$H$200="P5")*SMIX2DT!$I$2:$I$200*0.01)))) -> 1 | N3: =IF($B3="",0,IFERROR(SUMPRODUCT((SMIX2DT!$D$2:$D$200=$B3)*SMIX2DT!$I$2:$I$200),0)) -> 3 | O3: =D3+F3+H3+J3+L3 -> 0
A4: Adam Bakal El Abbassi | B4: Bakal El Abbassi, Adam | C4: abakal@alumnat.copernic.cat | D4: =IF($B4="",0,COUNTIFS(SMIX2DT!$D$2:$D$200,$B4,SMIX2DT!$H$2:$H$200,"P1")) -> 0 | E4: =MAX(0.5,MIN(1.5,1+IF($B4="",0,SUMPRODUCT((SMIX2DT!$D$2:$D$200=$B4)*(SMIX2DT!$H$2:$H$200="P1")*SMIX2DT!$I$2:$I$200*0.01)))) -> 1 | F4: =IF($B4="",0,COUNTIFS(SMIX2DT!$D$2:$D$200,$B4,SMIX2DT!$H$2:$H$200,"P2")) -> 0 | G4: =MAX(0.5,MIN(1.5,1+IF($B4="",0,SUMPRODUCT((SMIX2DT!$D$2:$D$200=$B4)*(SMIX2DT!$H$2:$H$200="P2")*SMIX2DT!$I$2:$I$200*0.01)))) -> 1 | H4: =IF($B4="",0,COUNTIFS(SMIX2DT!$D$2:$D$200,$B4,SMIX2DT!$H$2:$H$200,"P3")) -> 0 | I4: =MAX(0.5,MIN(1.5,1+IF($B4="",0,SUMPRODUCT((SMIX2DT!$D$2:$D$200=$B4)*(SMIX2DT!$H$2:$H$200="P3")*SMIX2DT!$I$2:$I$200*0.01)))) -> 1 | J4: =IF($B4="",0,COUNTIFS(SMIX2DT!$D$2:$D$200,$B4,SMIX2DT!$H$2:$H$200,"P4")) -> 0 | K4: =MAX(0.5,MIN(1.5,1+IF($B4="",0,SUMPRODUCT((SMIX2DT!$D$2:$D$200=$B4)*(SMIX2DT!$H$2:$H$200="P4")*SMIX2DT!$I$2:$I$200*0.01)))) -> 1 | L4: =IF($B4="",0,COUNTIFS(SMIX2DT!$D$2:$D$200,$B4,SMIX2DT!$H$2:$H$200,"P5")) -> 0 | M4: =MAX(0.5,MIN(1.5,1+IF($B4="",0,SUMPRODUCT((SMIX2DT!$D$2:$D$200=$B4)*(SMIX2DT!$H$2:$H$200="P5")*SMIX2DT!$I$2:$I$200*0.01)))) -> 1 | N4: =IF($B4="",0,IFERROR(SUMPRODUCT((SMIX2DT!$D$2:$D$200=$B4)*SMIX2DT!$I$2:$I$200),0)) -> -2 | O4: =D4+F4+H4+J4+L4 -> 0
A5: Aaron Fernández Revelles | B5: Fernández Revelles, Aaron | C5: afernandez@alumnat.copernic.cat | D5: =IF($B5="",0,COUNTIFS(SMIX2DT!$D$2:$D$200,$B5,SMIX2DT!$H$2:$H$200,"P1")) -> 0 | E5: =MAX(0.5,MIN(1.5,1+IF($B5="",0,SUMPRODUCT((SMIX2DT!$D$2:$D$200=$B5)*(SMIX2DT!$H$2:$H$200="P1")*SMIX2DT!$I$2:$I$200*0.01)))) -> 1 | F5: =IF($B5="",0,COUNTIFS(SMIX2DT!$D$2:$D$200,$B5,SMIX2DT!$H$2:$H$200,"P2")) -> 0 | G5: =MAX(0.5,MIN(1.5,1+IF($B5="",0,SUMPRODUCT((SMIX2DT!$D$2:$D$200=$B5)*(SMIX2DT!$H$2:$H$200="P2")*SMIX2DT!$I$2:$I$200*0.01)))) -> 1 | H5: =IF($B5="",0,COUNTIFS(SMIX2DT!$D$2:$D$200,$B5,SMIX2DT!$H$2:$H$200,"P3")) -> 0 | I5: =MAX(0.5,MIN(1.5,1+IF($B5="",0,SUMPRODUCT((SMIX2DT!$D$2:$D$200=$B5)*(SMIX2DT!$H$2:$H$200="P3")*SMIX2DT!$I$2:$I$200*0.01)))) -> 1 | J5: =IF($B5="",0,COUNTIFS(SMIX2DT!$D$2:$D$200,$B5,SMIX2DT!$H$2:$H$200,"P4")) -> 0 | K5: =MAX(0.5,MIN(1.5,1+IF($B5="",0,SUMPRODUCT((SMIX2DT!$D$2:$D$200=$B5)*(SMIX2DT!$H$2:$H$200="P4")*SMIX2DT!$I$2:$I$200*0.01)))) -> 1 | L5: =IF($B5="",0,COUNTIFS(SMIX2DT!$D$2:$D$200,$B5,SMIX2DT!$H$2:$H$200,"P5")) -> 0 | M5: =MAX(0.5,MIN(1.5,1+IF($B5="",0,SUMPRODUCT((SMIX2DT!$D$2:$D$200=$B5)*(SMIX2DT!$H$2:$H$200="P5")*SMIX2DT!$I$2:$I$200*0.01)))) -> 1 | N5: =IF($B5="",0,IFERROR(SUMPRODUCT((SMIX2DT!$D$2:$D$200=$B5)*SMIX2DT!$I$2:$I$200),0)) -> 1 | O5: =D5+F5+H5+J5+L5 -> 0
A6: Emilio González Báez | C6: egonzalez1@alumnat.copernic.cat | D6: =IF($B6="",0,COUNTIFS(SMIX2DT!$D$2:$D$200,$B6,SMIX2DT!$H$2:$H$200,"P1")) -> 0 | E6: =MAX(0.5,MIN(1.5,1+IF($B6="",0,SUMPRODUCT((SMIX2DT!$D$2:$D$200=$B6)*(SMIX2DT!$H$2:$H$200="P1")*SMIX2DT!$I$2:$I$200*0.01)))) -> 1 | F6: =IF($B6="",0,COUNTIFS(SMIX2DT!$D$2:$D$200,$B6,SMIX2DT!$H$2:$H$200,"P2")) -> 0 | G6: =MAX(0.5,MIN(1.5,1+IF($B6="",0,SUMPRODUCT((SMIX2DT!$D$2:$D$200=$B6)*(SMIX2DT!$H$2:$H$200="P2")*SMIX2DT!$I$2:$I$200*0.01)))) -> 1 | H6: =IF($B6="",0,COUNTIFS(SMIX2DT!$D$2:$D$200,$B6,SMIX2DT!$H$2:$H$200,"P3")) -> 0 | I6: =MAX(0.5,MIN(1.5,1+IF($B6="",0,SUMPRODUCT((SMIX2DT!$D$2:$D$200=$B6)*(SMIX2DT!$H$2:$H$200="P3")*SMIX2DT!$I$2:$I$200*0.01)))) -> 1 | J6: =IF($B6="",0,COUNTIFS(SMIX2DT!$D$2:$D$200,$B6,SMIX2DT!$H$2:$H$200,"P4")) -> 0 | K6: =MAX(0.5,MIN(1.5,1+IF($B6="",0,SUMPRODUCT((SMIX2DT!$D$2:$D$200=$B6)*(SMIX2DT!$H$2:$H$200="P4")*SMIX2DT!$I$2:$I$200*0.01)))) -> 1 | L6: =IF($B6="",0,COUNTIFS(SMIX2DT!$D$2:$D$200,$B6,SMIX2DT!$H$2:$H$200,"P5")) -> 0 | M6: =MAX(0.5,MIN(1.5,1+IF($B6="",0,SUMPRODUCT((SMIX2DT!$D$2:$D$200=$B6)*(SMIX2DT!$H$2:$H$200="P5")*SMIX2DT!$I$2:$I$200*0.01)))) -> 1 | N6: =IF($B6="",0,IFERROR(SUMPRODUCT((SMIX2DT!$D$2:$D$200=$B6)*SMIX2DT!$I$2:$I$200),0)) -> 0 | O6: =D6+F6+H6+J6+L6 -> 0
A7: Adrià Jornet Tórtola | B7: Jornet Tórtola, Adrià | C7: ajornet@alumnat.copernic.cat | D7: =IF($B7="",0,COUNTIFS(SMIX2DT!$D$2:$D$200,$B7,SMIX2DT!$H$2:$H$200,"P1")) -> 0 | E7: =MAX(0.5,MIN(1.5,1+IF($B7="",0,SUMPRODUCT((SMIX2DT!$D$2:$D$200=$B7)*(SMIX2DT!$H$2:$H$200="P1")*SMIX2DT!$I$2:$I$200*0.01)))) -> 1 | F7: =IF($B7="",0,COUNTIFS(SMIX2DT!$D$2:$D$200,$B7,SMIX2DT!$H$2:$H$200,"P2")) -> 0 | G7: =MAX(0.5,MIN(1.5,1+IF($B7="",0,SUMPRODUCT((SMIX2DT!$D$2:$D$200=$B7)*(SMIX2DT!$H$2:$H$200="P2")*SMIX2DT!$I$2:$I$200*0.01)))) -> 1 | H7: =IF($B7="",0,COUNTIFS(SMIX2DT!$D$2:$D$200,$B7,SMIX2DT!$H$2:$H$200,"P3")) -> 0 | I7: =MAX(0.5,MIN(1.5,1+IF($B7="",0,SUMPRODUCT((SMIX2DT!$D$2:$D$200=$B7)*(SMIX2DT!$H$2:$H$200="P3")*SMIX2DT!$I$2:$I$200*0.01)))) -> 1 | J7: =IF($B7="",0,COUNTIFS(SMIX2DT!$D$2:$D$200,$B7,SMIX2DT!$H$2:$H$200,"P4")) -> 0 | K7: =MAX(0.5,MIN(1.5,1+IF($B7="",0,SUMPRODUCT((SMIX2DT!$D$2:$D$200=$B7)*(SMIX2DT!$H$2:$H$200="P4")*SMIX2DT!$I$2:$I$200*0.01)))) -> 1 | L7: =IF($B7="",0,COUNTIFS(SMIX2DT!$D$2:$D$200,$B7,SMIX2DT!$H$2:$H$200,"P5")) -> 0 | M7: =MAX(0.5,MIN(1.5,1+IF($B7="",0,SUMPRODUCT((SMIX2DT!$D$2:$D$200=$B7)*(SMIX2DT!$H$2:$H$200="P5")*SMIX2DT!$I$2:$I$200*0.01)))) -> 1 | N7: =IF($B7="",0,IFERROR(SUMPRODUCT((SMIX2DT!$D$2:$D$200=$B7)*SMIX2DT!$I$2:$I$200),0)) -> 1 | O7: =D7+F7+H7+J7+L7 -> 0
A8: Joel Martin Duran | C8: martin.duran.joel@alumnat.copernic.cat | D8: =IF($B8="",0,COUNTIFS(SMIX2DT!$D$2:$D$200,$B8,SMIX2DT!$H$2:$H$200,"P1")) -> 0 | E8: =MAX(0.5,MIN(1.5,1+IF($B8="",0,SUMPRODUCT((SMIX2DT!$D$2:$D$200=$B8)*(SMIX2DT!$H$2:$H$200="P1")*SMIX2DT!$I$2:$I$200*0.01)))) -> 1 | F8: =IF($B8="",0,COUNTIFS(SMIX2DT!$D$2:$D$200,$B8,SMIX2DT!$H$2:$H$200,"P2")) -> 0 | G8: =MAX(0.5,MIN(1.5,1+IF($B8="",0,SUMPRODUCT((SMIX2DT!$D$2:$D$200=$B8)*(SMIX2DT!$H$2:$H$200="P2")*SMIX2DT!$I$2:$I$200*0.01)))) -> 1 | H8: =IF($B8="",0,COUNTIFS(SMIX2DT!$D$2:$D$200,$B8,SMIX2DT!$H$2:$H$200,"P3")) -> 0 | I8: =MAX(0.5,MIN(1.5,1+IF($B8="",0,SUMPRODUCT((SMIX2DT!$D$2:$D$200=$B8)*(SMIX2DT!$H$2:$H$200="P3")*SMIX2DT!$I$2:$I$200*0.01)))) -> 1 | J8: =IF($B8="",0,COUNTIFS(SMIX2DT!$D$2:$D$200,$B8,SMIX2DT!$H$2:$H$200,"P4")) -> 0 | K8: =MAX(0.5,MIN(1.5,1+IF($B8="",0,SUMPRODUCT((SMIX2DT!$D$2:$D$200=$B8)*(SMIX2DT!$H$2:$H$200="P4")*SMIX2DT!$I$2:$I$200*0.01)))) -> 1 | L8: =IF($B8="",0,COUNTIFS(SMIX2DT!$D$2:$D$200,$B8,SMIX2DT!$H$2:$H$200,"P5")) -> 0 | M8: =MAX(0.5,MIN(1.5,1+IF($B8="",0,SUMPRODUCT((SMIX2DT!$D$2:$D$200=$B8)*(SMIX2DT!$H$2:$H$200="P5")*SMIX2DT!$I$2:$I$200*0.01)))) -> 1 | N8: =IF($B8="",0,IFERROR(SUMPRODUCT((SMIX2DT!$D$2:$D$200=$B8)*SMIX2DT!$I$2:$I$200),0)) -> 0 | O8: =D8+F8+H8+J8+L8 -> 0
A9: Alexey Martínez Meca | B9: Martínez Meca, Alexey | C9: amartinez4@alumnat.copernic.cat | D9: =IF($B9="",0,COUNTIFS(SMIX2DT!$D$2:$D$200,$B9,SMIX2DT!$H$2:$H$200,"P1")) -> 0 | E9: =MAX(0.5,MIN(1.5,1+IF($B9="",0,SUMPRODUCT((SMIX2DT!$D$2:$D$200=$B9)*(SMIX2DT!$H$2:$H$200="P1")*SMIX2DT!$I$2:$I$200*0.01)))) -> 1 | F9: =IF($B9="",0,COUNTIFS(SMIX2DT!$D$2:$D$200,$B9,SMIX2DT!$H$2:$H$200,"P2")) -> 0 | G9: =MAX(0.5,MIN(1.5,1+IF($B9="",0,SUMPRODUCT((SMIX2DT!$D$2:$D$200=$B9)*(SMIX2DT!$H$2:$H$200="P2")*SMIX2DT!$I$2:$I$200*0.01)))) -> 1 | H9: =IF($B9="",0,COUNTIFS(SMIX2DT!$D$2:$D$200,$B9,SMIX2DT!$H$2:$H$200,"P3")) -> 0 | I9: =MAX(0.5,MIN(1.5,1+IF($B9="",0,SUMPRODUCT((SMIX2DT!$D$2:$D$200=$B9)*(SMIX2DT!$H$2:$H$200="P3")*SMIX2DT!$I$2:$I$200*0.01)))) -> 1 | J9: =IF($B9="",0,COUNTIFS(SMIX2DT!$D$2:$D$200,$B9,SMIX2DT!$H$2:$H$200,"P4")) -> 0 | K9: =MAX(0.5,MIN(1.5,1+IF($B9="",0,SUMPRODUCT((SMIX2DT!$D$2:$D$200=$B9)*(SMIX2DT!$H$2:$H$200="P4")*SMIX2DT!$I$2:$I$200*0.01)))) -> 1 | L9: =IF($B9="",0,COUNTIFS(SMIX2DT!$D$2:$D$200,$B9,SMIX2DT!$H$2:$H$200,"P5")) -> 0 | M9: =MAX(0.5,MIN(1.5,1+IF($B9="",0,SUMPRODUCT((SMIX2DT!$D$2:$D$200=$B9)*(SMIX2DT!$H$2:$H$200="P5")*SMIX2DT!$I$2:$I$200*0.01)))) -> 1 | N9: =IF($B9="",0,IFERROR(SUMPRODUCT((SMIX2DT!$D$2:$D$200=$B9)*SMIX2DT!$I$2:$I$200),0)) -> 1 | O9: =D9+F9+H9+J9+L9 -> 0
A10: Aleix Morante Polo | B10: Morante Polo, Aleix | C10: amorante@alumnat.copernic.cat | D10: =IF($B10="",0,COUNTIFS(SMIX2DT!$D$2:$D$200,$B10,SMIX2DT!$H$2:$H$200,"P1")) -> 0 | E10: =MAX(0.5,MIN(1.5,1+IF($B10="",0,SUMPRODUCT((SMIX2DT!$D$2:$D$200=$B10)*(SMIX2DT!$H$2:$H$200="P1")*SMIX2DT!$I$2:$I$200*0.01)))) -> 1 | F10: =IF($B10="",0,COUNTIFS(SMIX2DT!$D$2:$D$200,$B10,SMIX2DT!$H$2:$H$200,"P2")) -> 0 | G10: =MAX(0.5,MIN(1.5,1+IF($B10="",0,SUMPRODUCT((SMIX2DT!$D$2:$D$200=$B10)*(SMIX2DT!$H$2:$H$200="P2")*SMIX2DT!$I$2:$I$200*0.01)))) -> 1 | H10: =IF($B10="",0,COUNTIFS(SMIX2DT!$D$2:$D$200,$B10,SMIX2DT!$H$2:$H$200,"P3")) -> 0 | I10: =MAX(0.5,MIN(1.5,1+IF($B10="",0,SUMPRODUCT((SMIX2DT!$D$2:$D$200=$B10)*(SMIX2DT!$H$2:$H$200="P3")*SMIX2DT!$I$2:$I$200*0.01)))) -> 1 | J10: =IF($B10="",0,COUNTIFS(SMIX2DT!$D$2:$D$200,$B10,SMIX2DT!$H$2:$H$200,"P4")) -> 0 | K10: =MAX(0.5,MIN(1.5,1+IF($B10="",0,SUMPRODUCT((SMIX2DT!$D$2:$D$200=$B10)*(SMIX2DT!$H$2:$H$200="P4")*SMIX2DT!$I$2:$I$200*0.01)))) -> 1 | L10: =IF($B10="",0,COUNTIFS(SMIX2DT!$D$2:$D$200,$B10,SMIX2DT!$H$2:$H$200,"P5")) -> 0 | M10: =MAX(0.5,MIN(1.5,1+IF($B10="",0,SUMPRODUCT((SMIX2DT!$D$2:$D$200=$B10)*(SMIX2DT!$H$2:$H$200="P5")*SMIX2DT!$I$2:$I$200*0.01)))) -> 1 | N10: =IF($B10="",0,IFERROR(SUMPRODUCT((SMIX2DT!$D$2:$D$200=$B10)*SMIX2DT!$I$2:$I$200),0)) -> -3 | O10: =D10+F10+H10+J10+L10 -> 0
A11: Adam Oughyad Oukhoutch | B11: Oughyad Oukhoutch, Adam | C11: aoughyad@alumnat.copernic.cat | D11: =IF($B11="",0,COUNTIFS(SMIX2DT!$D$2:$D$200,$B11,SMIX2DT!$H$2:$H$200,"P1")) -> 0 | E11: =MAX(0.5,MIN(1.5,1+IF($B11="",0,SUMPRODUCT((SMIX2DT!$D$2:$D$200=$B11)*(SMIX2DT!$H$2:$H$200="P1")*SMIX2DT!$I$2:$I$200*0.01)))) -> 1 | F11: =IF($B11="",0,COUNTIFS(SMIX2DT!$D$2:$D$200,$B11,SMIX2DT!$H$2:$H$200,"P2")) -> 0 | G11: =MAX(0.5,MIN(1.5,1+IF($B11="",0,SUMPRODUCT((SMIX2DT!$D$2:$D$200=$B11)*(SMIX2DT!$H$2:$H$200="P2")*SMIX2DT!$I$2:$I$200*0.01)))) -> 1 | H11: =IF($B11="",0,COUNTIFS(SMIX2DT!$D$2:$D$200,$B11,SMIX2DT!$H$2:$H$200,"P3")) -> 0 | I11: =MAX(0.5,MIN(1.5,1+IF($B11="",0,SUMPRODUCT((SMIX2DT!$D$2:$D$200=$B11)*(SMIX2DT!$H$2:$H$200="P3")*SMIX2DT!$I$2:$I$200*0.01)))) -> 1 | J11: =IF($B11="",0,COUNTIFS(SMIX2DT!$D$2:$D$200,$B11,SMIX2DT!$H$2:$H$200,"P4")) -> 0 | K11: =MAX(0.5,MIN(1.5,1+IF($B11="",0,SUMPRODUCT((SMIX2DT!$D$2:$D$200=$B11)*(SMIX2DT!$H$2:$H$200="P4")*SMIX2DT!$I$2:$I$200*0.01)))) -> 1 | L11: =IF($B11="",0,COUNTIFS(SMIX2DT!$D$2:$D$200,$B11,SMIX2DT!$H$2:$H$200,"P5")) -> 0 | M11: =MAX(0.5,MIN(1.5,1+IF($B11="",0,SUMPRODUCT((SMIX2DT!$D$2:$D$200=$B11)*(SMIX2DT!$H$2:$H$200="P5")*SMIX2DT!$I$2:$I$200*0.01)))) -> 1 | N11: =IF($B11="",0,IFERROR(SUMPRODUCT((SMIX2DT!$D$2:$D$200=$B11)*SMIX2DT!$I$2:$I$200),0)) -> 3 | O11: =D11+F11+H11+J11+L11 -> 0
A12: Raúl Pérez Barba | B12: Pérez Barba, Raúl | C12: rperez1@alumnat.copernic.cat | D12: =IF($B12="",0,COUNTIFS(SMIX2DT!$D$2:$D$200,$B12,SMIX2DT!$H$2:$H$200,"P1")) -> 0 | E12: =MAX(0.5,MIN(1.5,1+IF($B12="",0,SUMPRODUCT((SMIX2DT!$D$2:$D$200=$B12)*(SMIX2DT!$H$2:$H$200="P1")*SMIX2DT!$I$2:$I$200*0.01)))) -> 1 | F12: =IF($B12="",0,COUNTIFS(SMIX2DT!$D$2:$D$200,$B12,SMIX2DT!$H$2:$H$200,"P2")) -> 0 | G12: =MAX(0.5,MIN(1.5,1+IF($B12="",0,SUMPRODUCT((SMIX2DT!$D$2:$D$200=$B12)*(SMIX2DT!$H$2:$H$200="P2")*SMIX2DT!$I$2:$I$200*0.01)))) -> 1 | H12: =IF($B12="",0,COUNTIFS(SMIX2DT!$D$2:$D$200,$B12,SMIX2DT!$H$2:$H$200,"P3")) -> 0 | I12: =MAX(0.5,MIN(1.5,1+IF($B12="",0,SUMPRODUCT((SMIX2DT!$D$2:$D$200=$B12)*(SMIX2DT!$H$2:$H$200="P3")*SMIX2DT!$I$2:$I$200*0.01)))) -> 1 | J12: =IF($B12="",0,COUNTIFS(SMIX2DT!$D$2:$D$200,$B12,SMIX2DT!$H$2:$H$200,"P4")) -> 0 | K12: =MAX(0.5,MIN(1.5,1+IF($B12="",0,SUMPRODUCT((SMIX2DT!$D$2:$D$200=$B12)*(SMIX2DT!$H$2:$H$200="P4")*SMIX2DT!$I$2:$I$200*0.01)))) -> 1 | L12: =IF($B12="",0,COUNTIFS(SMIX2DT!$D$2:$D$200,$B12,SMIX2DT!$H$2:$H$200,"P5")) -> 0 | M12: =MAX(0.5,MIN(1.5,1+IF($B12="",0,SUMPRODUCT((SMIX2DT!$D$2:$D$200=$B12)*(SMIX2DT!$H$2:$H$200="P5")*SMIX2DT!$I$2:$I$200*0.01)))) -> 1 | N12: =IF($B12="",0,IFERROR(SUMPRODUCT((SMIX2DT!$D$2:$D$200=$B12)*SMIX2DT!$I$2:$I$200),0)) -> 2 | O12: =D12+F12+H12+J12+L12 -> 0
A13: Alexis Daniel Perez Mondejar | B13: Perez Mondejar, Alexis Daniel | C13: adperez@alumnat.copernic.cat | D13: =IF($B13="",0,COUNTIFS(SMIX2DT!$D$2:$D$200,$B13,SMIX2DT!$H$2:$H$200,"P1")) -> 0 | E13: =MAX(0.5,MIN(1.5,1+IF($B13="",0,SUMPRODUCT((SMIX2DT!$D$2:$D$200=$B13)*(SMIX2DT!$H$2:$H$200="P1")*SMIX2DT!$I$2:$I$200*0.01)))) -> 1 | F13: =IF($B13="",0,COUNTIFS(SMIX2DT!$D$2:$D$200,$B13,SMIX2DT!$H$2:$H$200,"P2")) -> 0 | G13: =MAX(0.5,MIN(1.5,1+IF($B13="",0,SUMPRODUCT((SMIX2DT!$D$2:$D$200=$B13)*(SMIX2DT!$H$2:$H$200="P2")*SMIX2DT!$I$2:$I$200*0.01)))) -> 1 | H13: =IF($B13="",0,COUNTIFS(SMIX2DT!$D$2:$D$200,$B13,SMIX2DT!$H$2:$H$200,"P3")) -> 0 | I13: =MAX(0.5,MIN(1.5,1+IF($B13="",0,SUMPRODUCT((SMIX2DT!$D$2:$D$200=$B13)*(SMIX2DT!$H$2:$H$200="P3")*SMIX2DT!$I$2:$I$200*0.01)))) -> 1 | J13: =IF($B13="",0,COUNTIFS(SMIX2DT!$D$2:$D$200,$B13,SMIX2DT!$H$2:$H$200,"P4")) -> 0 | K13: =MAX(0.5,MIN(1.5,1+IF($B13="",0,SUMPRODUCT((SMIX2DT!$D$2:$D$200=$B13)*(SMIX2DT!$H$2:$H$200="P4")*SMIX2DT!$I$2:$I$200*0.01)))) -> 1 | L13: =IF($B13="",0,COUNTIFS(SMIX2DT!$D$2:$D$200,$B13,SMIX2DT!$H$2:$H$200,"P5")) -> 0 | M13: =MAX(0.5,MIN(1.5,1+IF($B13="",0,SUMPRODUCT((SMIX2DT!$D$2:$D$200=$B13)*(SMIX2DT!$H$2:$H$200="P5")*SMIX2DT!$I$2:$I$200*0.01)))) -> 1 | N13: =IF($B13="",0,IFERROR(SUMPRODUCT((SMIX2DT!$D$2:$D$200=$B13)*SMIX2DT!$I$2:$I$200),0)) -> 1 | O13: =D13+F13+H13+J13+L13 -> 0
A14: Eder David Rivas Almonte | B14: Rivas Almonte, Eder David | C14: edrivas@alumnat.copernic.cat | D14: =IF($B14="",0,COUNTIFS(SMIX2DT!$D$2:$D$200,$B14,SMIX2DT!$H$2:$H$200,"P1")) -> 0 | E14: =MAX(0.5,MIN(1.5,1+IF($B14="",0,SUMPRODUCT((SMIX2DT!$D$2:$D$200=$B14)*(SMIX2DT!$H$2:$H$200="P1")*SMIX2DT!$I$2:$I$200*0.01)))) -> 1 | F14: =IF($B14="",0,COUNTIFS(SMIX2DT!$D$2:$D$200,$B14,SMIX2DT!$H$2:$H$200,"P2")) -> 0 | G14: =MAX(0.5,MIN(1.5,1+IF($B14="",0,SUMPRODUCT((SMIX2DT!$D$2:$D$200=$B14)*(SMIX2DT!$H$2:$H$200="P2")*SMIX2DT!$I$2:$I$200*0.01)))) -> 1 | H14: =IF($B14="",0,COUNTIFS(SMIX2DT!$D$2:$D$200,$B14,SMIX2DT!$H$2:$H$200,"P3")) -> 0 | I14: =MAX(0.5,MIN(1.5,1+IF($B14="",0,SUMPRODUCT((SMIX2DT!$D$2:$D$200=$B14)*(SMIX2DT!$H$2:$H$200="P3")*SMIX2DT!$I$2:$I$200*0.01)))) -> 1 | J14: =IF($B14="",0,COUNTIFS(SMIX2DT!$D$2:$D$200,$B14,SMIX2DT!$H$2:$H$200,"P4")) -> 0 | K14: =MAX(0.5,MIN(1.5,1+IF($B14="",0,SUMPRODUCT((SMIX2DT!$D$2:$D$200=$B14)*(SMIX2DT!$H$2:$H$200="P4")*SMIX2DT!$I$2:$I$200*0.01)))) -> 1 | L14: =IF($B14="",0,COUNTIFS(SMIX2DT!$D$2:$D$200,$B14,SMIX2DT!$H$2:$H$200,"P5")) -> 0 | M14: =MAX(0.5,MIN(1.5,1+IF($B14="",0,SUMPRODUCT((SMIX2DT!$D$2:$D$200=$B14)*(SMIX2DT!$H$2:$H$200="P5")*SMIX2DT!$I$2:$I$200*0.01)))) -> 1 | N14: =IF($B14="",0,IFERROR(SUMPRODUCT((SMIX2DT!$D$2:$D$200=$B14)*SMIX2DT!$I$2:$I$200),0)) -> 0 | O14: =D14+F14+H14+J14+L14 -> 0
A15: Yerai Salvany Uceda | C15: ysalvany@alumnat.copernic.cat | D15: =IF($B15="",0,COUNTIFS(SMIX2DT!$D$2:$D$200,$B15,SMIX2DT!$H$2:$H$200,"P1")) -> 0 | E15: =MAX(0.5,MIN(1.5,1+IF($B15="",0,SUMPRODUCT((SMIX2DT!$D$2:$D$200=$B15)*(SMIX2DT!$H$2:$H$200="P1")*SMIX2DT!$I$2:$I$200*0.01)))) -> 1 | F15: =IF($B15="",0,COUNTIFS(SMIX2DT!$D$2:$D$200,$B15,SMIX2DT!$H$2:$H$200,"P2")) -> 0 | G15: =MAX(0.5,MIN(1.5,1+IF($B15="",0,SUMPRODUCT((SMIX2DT!$D$2:$D$200=$B15)*(SMIX2DT!$H$2:$H$200="P2")*SMIX2DT!$I$2:$I$200*0.01)))) -> 1 | H15: =IF($B15="",0,COUNTIFS(SMIX2DT!$D$2:$D$200,$B15,SMIX2DT!$H$2:$H$200,"P3")) -> 0 | I15: =MAX(0.5,MIN(1.5,1+IF($B15="",0,SUMPRODUCT((SMIX2DT!$D$2:$D$200=$B15)*(SMIX2DT!$H$2:$H$200="P3")*SMIX2DT!$I$2:$I$200*0.01)))) -> 1 | J15: =IF($B15="",0,COUNTIFS(SMIX2DT!$D$2:$D$200,$B15,SMIX2DT!$H$2:$H$200,"P4")) -> 0 | K15: =MAX(0.5,MIN(1.5,1+IF($B15="",0,SUMPRODUCT((SMIX2DT!$D$2:$D$200=$B15)*(SMIX2DT!$H$2:$H$200="P4")*SMIX2DT!$I$2:$I$200*0.01)))) -> 1 | L15: =IF($B15="",0,COUNTIFS(SMIX2DT!$D$2:$D$200,$B15,SMIX2DT!$H$2:$H$200,"P5")) -> 0 | M15: =MAX(0.5,MIN(1.5,1+IF($B15="",0,SUMPRODUCT((SMIX2DT!$D$2:$D$200=$B15)*(SMIX2DT!$H$2:$H$200="P5")*SMIX2DT!$I$2:$I$200*0.01)))) -> 1 | N15: =IF($B15="",0,IFERROR(SUMPRODUCT((SMIX2DT!$D$2:$D$200=$B15)*SMIX2DT!$I$2:$I$200),0)) -> 0 | O15: =D15+F15+H15+J15+L15 -> 0
A16: Àlex Sánchez Castelao | B16: Sánchez Castelao, Àlex | C16: rsanchez@alumnat.copernic.cat | D16: =IF($B16="",0,COUNTIFS(SMIX2DT!$D$2:$D$200,$B16,SMIX2DT!$H$2:$H$200,"P1")) -> 0 | E16: =MAX(0.5,MIN(1.5,1+IF($B16="",0,SUMPRODUCT((SMIX2DT!$D$2:$D$200=$B16)*(SMIX2DT!$H$2:$H$200="P1")*SMIX2DT!$I$2:$I$200*0.01)))) -> 1 | F16: =IF($B16="",0,COUNTIFS(SMIX2DT!$D$2:$D$200,$B16,SMIX2DT!$H$2:$H$200,"P2")) -> 0 | G16: =MAX(0.5,MIN(1.5,1+IF($B16="",0,SUMPRODUCT((SMIX2DT!$D$2:$D$200=$B16)*(SMIX2DT!$H$2:$H$200="P2")*SMIX2DT!$I$2:$I$200*0.01)))) -> 1 | H16: =IF($B16="",0,COUNTIFS(SMIX2DT!$D$2:$D$200,$B16,SMIX2DT!$H$2:$H$200,"P3")) -> 0 | I16: =MAX(0.5,MIN(1.5,1+IF($B16="",0,SUMPRODUCT((SMIX2DT!$D$2:$D$200=$B16)*(SMIX2DT!$H$2:$H$200="P3")*SMIX2DT!$I$2:$I$200*0.01)))) -> 1 | J16: =IF($B16="",0,COUNTIFS(SMIX2DT!$D$2:$D$200,$B16,SMIX2DT!$H$2:$H$200,"P4")) -> 0 | K16: =MAX(0.5,MIN(1.5,1+IF($B16="",0,SUMPRODUCT((SMIX2DT!$D$2:$D$200=$B16)*(SMIX2DT!$H$2:$H$200="P4")*SMIX2DT!$I$2:$I$200*0.01)))) -> 1 | L16: =IF($B16="",0,COUNTIFS(SMIX2DT!$D$2:$D$200,$B16,SMIX2DT!$H$2:$H$200,"P5")) -> 0 | M16: =MAX(0.5,MIN(1.5,1+IF($B16="",0,SUMPRODUCT((SMIX2DT!$D$2:$D$200=$B16)*(SMIX2DT!$H$2:$H$200="P5")*SMIX2DT!$I$2:$I$200*0.01)))) -> 1 | N16: =IF($B16="",0,IFERROR(SUMPRODUCT((SMIX2DT!$D$2:$D$200=$B16)*SMIX2DT!$I$2:$I$200),0)) -> 2 | O16: =D16+F16+H16+J16+L16 -> 0
A17: Juan Diego Tinoco Velasquez | B17: Tinoco Velasquez, Juan Diego | C17: jdtinoco@alumnat.copernic.cat | D17: =IF($B17="",0,COUNTIFS(SMIX2DT!$D$2:$D$200,$B17,SMIX2DT!$H$2:$H$200,"P1")) -> 0 | E17: =MAX(0.5,MIN(1.5,1+IF($B17="",0,SUMPRODUCT((SMIX2DT!$D$2:$D$200=$B17)*(SMIX2DT!$H$2:$H$200="P1")*SMIX2DT!$I$2:$I$200*0.01)))) -> 1 | F17: =IF($B17="",0,COUNTIFS(SMIX2DT!$D$2:$D$200,$B17,SMIX2DT!$H$2:$H$200,"P2")) -> 0 | G17: =MAX(0.5,MIN(1.5,1+IF($B17="",0,SUMPRODUCT((SMIX2DT!$D$2:$D$200=$B17)*(SMIX2DT!$H$2:$H$200="P2")*SMIX2DT!$I$2:$I$200*0.01)))) -> 1 | H17: =IF($B17="",0,COUNTIFS(SMIX2DT!$D$2:$D$200,$B17,SMIX2DT!$H$2:$H$200,"P3")) -> 0 | I17: =MAX(0.5,MIN(1.5,1+IF($B17="",0,SUMPRODUCT((SMIX2DT!$D$2:$D$200=$B17)*(SMIX2DT!$H$2:$H$200="P3")*SMIX2DT!$I$2:$I$200*0.01)))) -> 1 | J17: =IF($B17="",0,COUNTIFS(SMIX2DT!$D$2:$D$200,$B17,SMIX2DT!$H$2:$H$200,"P4")) -> 0 | K17: =MAX(0.5,MIN(1.5,1+IF($B17="",0,SUMPRODUCT((SMIX2DT!$D$2:$D$200=$B17)*(SMIX2DT!$H$2:$H$200="P4")*SMIX2DT!$I$2:$I$200*0.01)))) -> 1 | L17: =IF($B17="",0,COUNTIFS(SMIX2DT!$D$2:$D$200,$B17,SMIX2DT!$H$2:$H$200,"P5")) -> 0 | M17: =MAX(0.5,MIN(1.5,1+IF($B17="",0,SUMPRODUCT((SMIX2DT!$D$2:$D$200=$B17)*(SMIX2DT!$H$2:$H$200="P5")*SMIX2DT!$I$2:$I$200*0.01)))) -> 1 | N17: =IF($B17="",0,IFERROR(SUMPRODUCT((SMIX2DT!$D$2:$D$200=$B17)*SMIX2DT!$I$2:$I$200),0)) -> 0 | O17: =D17+F17+H17+J17+L17 -> 0
A18: Unai Zarzuelo Bernardino | B18: Zarzuelo Bernardino, Unai | C18: uzarzuelo@alumnat.copernic.cat | D18: =IF($B18="",0,COUNTIFS(SMIX2DT!$D$2:$D$200,$B18,SMIX2DT!$H$2:$H$200,"P1")) -> 0 | E18: =MAX(0.5,MIN(1.5,1+IF($B18="",0,SUMPRODUCT((SMIX2DT!$D$2:$D$200=$B18)*(SMIX2DT!$H$2:$H$200="P1")*SMIX2DT!$I$2:$I$200*0.01)))) -> 1 | F18: =IF($B18="",0,COUNTIFS(SMIX2DT!$D$2:$D$200,$B18,SMIX2DT!$H$2:$H$200,"P2")) -> 0 | G18: =MAX(0.5,MIN(1.5,1+IF($B18="",0,SUMPRODUCT((SMIX2DT!$D$2:$D$200=$B18)*(SMIX2DT!$H$2:$H$200="P2")*SMIX2DT!$I$2:$I$200*0.01)))) -> 1 | H18: =IF($B18="",0,COUNTIFS(SMIX2DT!$D$2:$D$200,$B18,SMIX2DT!$H$2:$H$200,"P3")) -> 0 | I18: =MAX(0.5,MIN(1.5,1+IF($B18="",0,SUMPRODUCT((SMIX2DT!$D$2:$D$200=$B18)*(SMIX2DT!$H$2:$H$200="P3")*SMIX2DT!$I$2:$I$200*0.01)))) -> 1 | J18: =IF($B18="",0,COUNTIFS(SMIX2DT!$D$2:$D$200,$B18,SMIX2DT!$H$2:$H$200,"P4")) -> 0 | K18: =MAX(0.5,MIN(1.5,1+IF($B18="",0,SUMPRODUCT((SMIX2DT!$D$2:$D$200=$B18)*(SMIX2DT!$H$2:$H$200="P4")*SMIX2DT!$I$2:$I$200*0.01)))) -> 1 | L18: =IF($B18="",0,COUNTIFS(SMIX2DT!$D$2:$D$200,$B18,SMIX2DT!$H$2:$H$200,"P5")) -> 0 | M18: =MAX(0.5,MIN(1.5,1+IF($B18="",0,SUMPRODUCT((SMIX2DT!$D$2:$D$200=$B18)*(SMIX2DT!$H$2:$H$200="P5")*SMIX2DT!$I$2:$I$200*0.01)))) -> 1 | N18: =IF($B18="",0,IFERROR(SUMPRODUCT((SMIX2DT!$D$2:$D$200=$B18)*SMIX2DT!$I$2:$I$200),0)) -> -1 | O18: =D18+F18+H18+J18+L18 -> 0
A19: Roger Ferrandiz | C19: roger.ferrandiz@copernic.cat | D19: =IF($B19="",0,COUNTIFS(SMIX2DT!$D$2:$D$200,$B19,SMIX2DT!$H$2:$H$200,"P1")) -> 0 | E19: =MAX(0.5,MIN(1.5,1+IF($B19="",0,SUMPRODUCT((SMIX2DT!$D$2:$D$200=$B19)*(SMIX2DT!$H$2:$H$200="P1")*SMIX2DT!$I$2:$I$200*0.01)))) -> 1 | F19: =IF($B19="",0,COUNTIFS(SMIX2DT!$D$2:$D$200,$B19,SMIX2DT!$H$2:$H$200,"P2")) -> 0 | G19: =MAX(0.5,MIN(1.5,1+IF($B19="",0,SUMPRODUCT((SMIX2DT!$D$2:$D$200=$B19)*(SMIX2DT!$H$2:$H$200="P2")*SMIX2DT!$I$2:$I$200*0.01)))) -> 1 | H19: =IF($B19="",0,COUNTIFS(SMIX2DT!$D$2:$D$200,$B19,SMIX2DT!$H$2:$H$200,"P3")) -> 0 | I19: =MAX(0.5,MIN(1.5,1+IF($B19="",0,SUMPRODUCT((SMIX2DT!$D$2:$D$200=$B19)*(SMIX2DT!$H$2:$H$200="P3")*SMIX2DT!$I$2:$I$200*0.01)))) -> 1 | J19: =IF($B19="",0,COUNTIFS(SMIX2DT!$D$2:$D$200,$B19,SMIX2DT!$H$2:$H$200,"P4")) -> 0 | K19: =MAX(0.5,MIN(1.5,1+IF($B19="",0,SUMPRODUCT((SMIX2DT!$D$2:$D$200=$B19)*(SMIX2DT!$H$2:$H$200="P4")*SMIX2DT!$I$2:$I$200*0.01)))) -> 1 | L19: =IF($B19="",0,COUNTIFS(SMIX2DT!$D$2:$D$200,$B19,SMIX2DT!$H$2:$H$200,"P5")) -> 0 | M19: =MAX(0.5,MIN(1.5,1+IF($B19="",0,SUMPRODUCT((SMIX2DT!$D$2:$D$200=$B19)*(SMIX2DT!$H$2:$H$200="P5")*SMIX2DT!$I$2:$I$200*0.01)))) -> 1 | N19: =IF($B19="",0,IFERROR(SUMPRODUCT((SMIX2DT!$D$2:$D$200=$B19)*SMIX2DT!$I$2:$I$200),0)) -> 0 | O19: =D19+F19+H19+J19+L19 -> 0
A20: Joan Botella | C20: joan.botella@copernic.cat | D20: =IF($B20="",0,COUNTIFS(SMIX2DT!$D$2:$D$200,$B20,SMIX2DT!$H$2:$H$200,"P1")) -> 0 | E20: =MAX(0.5,MIN(1.5,1+IF($B20="",0,SUMPRODUCT((SMIX2DT!$D$2:$D$200=$B20)*(SMIX2DT!$H$2:$H$200="P1")*SMIX2DT!$I$2:$I$200*0.01)))) -> 1 | F20: =IF($B20="",0,COUNTIFS(SMIX2DT!$D$2:$D$200,$B20,SMIX2DT!$H$2:$H$200,"P2")) -> 0 | G20: =MAX(0.5,MIN(1.5,1+IF($B20="",0,SUMPRODUCT((SMIX2DT!$D$2:$D$200=$B20)*(SMIX2DT!$H$2:$H$200="P2")*SMIX2DT!$I$2:$I$200*0.01)))) -> 1 | H20: =IF($B20="",0,COUNTIFS(SMIX2DT!$D$2:$D$200,$B20,SMIX2DT!$H$2:$H$200,"P3")) -> 0 | I20: =MAX(0.5,MIN(1.5,1+IF($B20="",0,SUMPRODUCT((SMIX2DT!$D$2:$D$200=$B20)*(SMIX2DT!$H$2:$H$200="P3")*SMIX2DT!$I$2:$I$200*0.01)))) -> 1 | J20: =IF($B20="",0,COUNTIFS(SMIX2DT!$D$2:$D$200,$B20,SMIX2DT!$H$2:$H$200,"P4")) -> 0 | K20: =MAX(0.5,MIN(1.5,1+IF($B20="",0,SUMPRODUCT((SMIX2DT!$D$2:$D$200=$B20)*(SMIX2DT!$H$2:$H$200="P4")*SMIX2DT!$I$2:$I$200*0.01)))) -> 1 | L20: =IF($B20="",0,COUNTIFS(SMIX2DT!$D$2:$D$200,$B20,SMIX2DT!$H$2:$H$200,"P5")) -> 0 | M20: =MAX(0.5,MIN(1.5,1+IF($B20="",0,SUMPRODUCT((SMIX2DT!$D$2:$D$200=$B20)*(SMIX2DT!$H$2:$H$200="P5")*SMIX2DT!$I$2:$I$200*0.01)))) -> 1 | N20: =IF($B20="",0,IFERROR(SUMPRODUCT((SMIX2DT!$D$2:$D$200=$B20)*SMIX2DT!$I$2:$I$200),0)) -> 0 | O20: =D20+F20+H20+J20+L20 -> 0
A21: Pere Arnau | C21: pere.arnau@copernic.cat | D21: =IF($B21="",0,COUNTIFS(SMIX2DT!$D$2:$D$200,$B21,SMIX2DT!$H$2:$H$200,"P1")) -> 0 | E21: =MAX(0.5,MIN(1.5,1+IF($B21="",0,SUMPRODUCT((SMIX2DT!$D$2:$D$200=$B21)*(SMIX2DT!$H$2:$H$200="P1")*SMIX2DT!$I$2:$I$200*0.01)))) -> 1 | F21: =IF($B21="",0,COUNTIFS(SMIX2DT!$D$2:$D$200,$B21,SMIX2DT!$H$2:$H$200,"P2")) -> 0 | G21: =MAX(0.5,MIN(1.5,1+IF($B21="",0,SUMPRODUCT((SMIX2DT!$D$2:$D$200=$B21)*(SMIX2DT!$H$2:$H$200="P2")*SMIX2DT!$I$2:$I$200*0.01)))) -> 1 | H21: =IF($B21="",0,COUNTIFS(SMIX2DT!$D$2:$D$200,$B21,SMIX2DT!$H$2:$H$200,"P3")) -> 0 | I21: =MAX(0.5,MIN(1.5,1+IF($B21="",0,SUMPRODUCT((SMIX2DT!$D$2:$D$200=$B21)*(SMIX2DT!$H$2:$H$200="P3")*SMIX2DT!$I$2:$I$200*0.01)))) -> 1 | J21: =IF($B21="",0,COUNTIFS(SMIX2DT!$D$2:$D$200,$B21,SMIX2DT!$H$2:$H$200,"P4")) -> 0 | K21: =MAX(0.5,MIN(1.5,1+IF($B21="",0,SUMPRODUCT((SMIX2DT!$D$2:$D$200=$B21)*(SMIX2DT!$H$2:$H$200="P4")*SMIX2DT!$I$2:$I$200*0.01)))) -> 1 | L21: =IF($B21="",0,COUNTIFS(SMIX2DT!$D$2:$D$200,$B21,SMIX2DT!$H$2:$H$200,"P5")) -> 0 | M21: =MAX(0.5,MIN(1.5,1+IF($B21="",0,SUMPRODUCT((SMIX2DT!$D$2:$D$200=$B21)*(SMIX2DT!$H$2:$H$200="P5")*SMIX2DT!$I$2:$I$200*0.01)))) -> 1 | N21: =IF($B21="",0,IFERROR(SUMPRODUCT((SMIX2DT!$D$2:$D$200=$B21)*SMIX2DT!$I$2:$I$200),0)) -> 0 | O21: =D21+F21+H21+J21+L21 -> 0
D22: =IF($B22="",0,COUNTIFS(SMIX2DT!$D$2:$D$200,$B22,SMIX2DT!$H$2:$H$200,"P1")) -> 0 | E22: =MAX(0.5,MIN(1.5,1+IF($B22="",0,SUMPRODUCT((SMIX2DT!$D$2:$D$200=$B22)*(SMIX2DT!$H$2:$H$200="P1")*SMIX2DT!$I$2:$I$200*0.01)))) -> 1 | F22: =IF($B22="",0,COUNTIFS(SMIX2DT!$D$2:$D$200,$B22,SMIX2DT!$H$2:$H$200,"P2")) -> 0 | G22: =MAX(0.5,MIN(1.5,1+IF($B22="",0,SUMPRODUCT((SMIX2DT!$D$2:$D$200=$B22)*(SMIX2DT!$H$2:$H$200="P2")*SMIX2DT!$I$2:$I$200*0.01)))) -> 1 | H22: =IF($B22="",0,COUNTIFS(SMIX2DT!$D$2:$D$200,$B22,SMIX2DT!$H$2:$H$200,"P3")) -> 0 | I22: =MAX(0.5,MIN(1.5,1+IF($B22="",0,SUMPRODUCT((SMIX2DT!$D$2:$D$200=$B22)*(SMIX2DT!$H$2:$H$200="P3")*SMIX2DT!$I$2:$I$200*0.01)))) -> 1 | J22: =IF($B22="",0,COUNTIFS(SMIX2DT!$D$2:$D$200,$B22,SMIX2DT!$H$2:$H$200,"P4")) -> 0 | K22: =MAX(0.5,MIN(1.5,1+IF($B22="",0,SUMPRODUCT((SMIX2DT!$D$2:$D$200=$B22)*(SMIX2DT!$H$2:$H$200="P4")*SMIX2DT!$I$2:$I$200*0.01)))) -> 1 | L22: =IF($B22="",0,COUNTIFS(SMIX2DT!$D$2:$D$200,$B22,SMIX2DT!$H$2:$H$200,"P5")) -> 0 | M22: =MAX(0.5,MIN(1.5,1+IF($B22="",0,SUMPRODUCT((SMIX2DT!$D$2:$D$200=$B22)*(SMIX2DT!$H$2:$H$200="P5")*SMIX2DT!$I$2:$I$200*0.01)))) -> 1 | N22: =IF($B22="",0,IFERROR(SUMPRODUCT((SMIX2DT!$D$2:$D$200=$B22)*SMIX2DT!$I$2:$I$200),0)) -> 0 | O22: =D22+F22+H22+J22+L22 -> 0
D23: =IF($B23="",0,COUNTIFS(SMIX2DT!$D$2:$D$200,$B23,SMIX2DT!$H$2:$H$200,"P1")) -> 0 | E23: =MAX(0.5,MIN(1.5,1+IF($B23="",0,SUMPRODUCT((SMIX2DT!$D$2:$D$200=$B23)*(SMIX2DT!$H$2:$H$200="P1")*SMIX2DT!$I$2:$I$200*0.01)))) -> 1 | F23: =IF($B23="",0,COUNTIFS(SMIX2DT!$D$2:$D$200,$B23,SMIX2DT!$H$2:$H$200,"P2")) -> 0 | G23: =MAX(0.5,MIN(1.5,1+IF($B23="",0,SUMPRODUCT((SMIX2DT!$D$2:$D$200=$B23)*(SMIX2DT!$H$2:$H$200="P2")*SMIX2DT!$I$2:$I$200*0.01)))) -> 1 | H23: =IF($B23="",0,COUNTIFS(SMIX2DT!$D$2:$D$200,$B23,SMIX2DT!$H$2:$H$200,"P3")) -> 0 | I23: =MAX(0.5,MIN(1.5,1+IF($B23="",0,SUMPRODUCT((SMIX2DT!$D$2:$D$200=$B23)*(SMIX2DT!$H$2:$H$200="P3")*SMIX2DT!$I$2:$I$200*0.01)))) -> 1 | J23: =IF($B23="",0,COUNTIFS(SMIX2DT!$D$2:$D$200,$B23,SMIX2DT!$H$2:$H$200,"P4")) -> 0 | K23: =MAX(0.5,MIN(1.5,1+IF($B23="",0,SUMPRODUCT((SMIX2DT!$D$2:$D$200=$B23)*(SMIX2DT!$H$2:$H$200="P4")*SMIX2DT!$I$2:$I$200*0.01)))) -> 1 | L23: =IF($B23="",0,COUNTIFS(SMIX2DT!$D$2:$D$200,$B23,SMIX2DT!$H$2:$H$200,"P5")) -> 0 | M23: =MAX(0.5,MIN(1.5,1+IF($B23="",0,SUMPRODUCT((SMIX2DT!$D$2:$D$200=$B23)*(SMIX2DT!$H$2:$H$200="P5")*SMIX2DT!$I$2:$I$200*0.01)))) -> 1 | N23: =IF($B23="",0,IFERROR(SUMPRODUCT((SMIX2DT!$D$2:$D$200=$B23)*SMIX2DT!$I$2:$I$200),0)) -> 0 | O23: =D23+F23+H23+J23+L23 -> 0
D24: =IF($B24="",0,COUNTIFS(SMIX2DT!$D$2:$D$200,$B24,SMIX2DT!$H$2:$H$200,"P1")) -> 0 | E24: =MAX(0.5,MIN(1.5,1+IF($B24="",0,SUMPRODUCT((SMIX2DT!$D$2:$D$200=$B24)*(SMIX2DT!$H$2:$H$200="P1")*SMIX2DT!$I$2:$I$200*0.01)))) -> 1 | F24: =IF($B24="",0,COUNTIFS(SMIX2DT!$D$2:$D$200,$B24,SMIX2DT!$H$2:$H$200,"P2")) -> 0 | G24: =MAX(0.5,MIN(1.5,1+IF($B24="",0,SUMPRODUCT((SMIX2DT!$D$2:$D$200=$B24)*(SMIX2DT!$H$2:$H$200="P2")*SMIX2DT!$I$2:$I$200*0.01)))) -> 1 | H24: =IF($B24="",0,COUNTIFS(SMIX2DT!$D$2:$D$200,$B24,SMIX2DT!$H$2:$H$200,"P3")) -> 0 | I24: =MAX(0.5,MIN(1.5,1+IF($B24="",0,SUMPRODUCT((SMIX2DT!$D$2:$D$200=$B24)*(SMIX2DT!$H$2:$H$200="P3")*SMIX2DT!$I$2:$I$200*0.01)))) -> 1 | J24: =IF($B24="",0,COUNTIFS(SMIX2DT!$D$2:$D$200,$B24,SMIX2DT!$H$2:$H$200,"P4")) -> 0 | K24: =MAX(0.5,MIN(1.5,1+IF($B24="",0,SUMPRODUCT((SMIX2DT!$D$2:$D$200=$B24)*(SMIX2DT!$H$2:$H$200="P4")*SMIX2DT!$I$2:$I$200*0.01)))) -> 1 | L24: =IF($B24="",0,COUNTIFS(SMIX2DT!$D$2:$D$200,$B24,SMIX2DT!$H$2:$H$200,"P5")) -> 0 | M24: =MAX(0.5,MIN(1.5,1+IF($B24="",0,SUMPRODUCT((SMIX2DT!$D$2:$D$200=$B24)*(SMIX2DT!$H$2:$H$200="P5")*SMIX2DT!$I$2:$I$200*0.01)))) -> 1 | N24: =IF($B24="",0,IFERROR(SUMPRODUCT((SMIX2DT!$D$2:$D$200=$B24)*SMIX2DT!$I$2:$I$200),0)) -> 0 | O24: =D24+F24+H24+J24+L24 -> 0
D25: =IF($B25="",0,COUNTIFS(SMIX2DT!$D$2:$D$200,$B25,SMIX2DT!$H$2:$H$200,"P1")) -> 0 | E25: =MAX(0.5,MIN(1.5,1+IF($B25="",0,SUMPRODUCT((SMIX2DT!$D$2:$D$200=$B25)*(SMIX2DT!$H$2:$H$200="P1")*SMIX2DT!$I$2:$I$200*0.01)))) -> 1 | F25: =IF($B25="",0,COUNTIFS(SMIX2DT!$D$2:$D$200,$B25,SMIX2DT!$H$2:$H$200,"P2")) -> 0 | G25: =MAX(0.5,MIN(1.5,1+IF($B25="",0,SUMPRODUCT((SMIX2DT!$D$2:$D$200=$B25)*(SMIX2DT!$H$2:$H$200="P2")*SMIX2DT!$I$2:$I$200*0.01)))) -> 1 | H25: =IF($B25="",0,COUNTIFS(SMIX2DT!$D$2:$D$200,$B25,SMIX2DT!$H$2:$H$200,"P3")) -> 0 | I25: =MAX(0.5,MIN(1.5,1+IF($B25="",0,SUMPRODUCT((SMIX2DT!$D$2:$D$200=$B25)*(SMIX2DT!$H$2:$H$200="P3")*SMIX2DT!$I$2:$I$200*0.01)))) -> 1 | J25: =IF($B25="",0,COUNTIFS(SMIX2DT!$D$2:$D$200,$B25,SMIX2DT!$H$2:$H$200,"P4")) -> 0 | K25: =MAX(0.5,MIN(1.5,1+IF($B25="",0,SUMPRODUCT((SMIX2DT!$D$2:$D$200=$B25)*(SMIX2DT!$H$2:$H$200="P4")*SMIX2DT!$I$2:$I$200*0.01)))) -> 1 | L25: =IF($B25="",0,COUNTIFS(SMIX2DT!$D$2:$D$200,$B25,SMIX2DT!$H$2:$H$200,"P5")) -> 0 | M25: =MAX(0.5,MIN(1.5,1+IF($B25="",0,SUMPRODUCT((SMIX2DT!$D$2:$D$200=$B25)*(SMIX2DT!$H$2:$H$200="P5")*SMIX2DT!$I$2:$I$200*0.01)))) -> 1 | N25: =IF($B25="",0,IFERROR(SUMPRODUCT((SMIX2DT!$D$2:$D$200=$B25)*SMIX2DT!$I$2:$I$200),0)) -> 0 | O25: =D25+F25+H25+J25+L25 -> 0
D26: =IF($B26="",0,COUNTIFS(SMIX2DT!$D$2:$D$200,$B26,SMIX2DT!$H$2:$H$200,"P1")) -> 0 | E26: =MAX(0.5,MIN(1.5,1+IF($B26="",0,SUMPRODUCT((SMIX2DT!$D$2:$D$200=$B26)*(SMIX2DT!$H$2:$H$200="P1")*SMIX2DT!$I$2:$I$200*0.01)))) -> 1 | F26: =IF($B26="",0,COUNTIFS(SMIX2DT!$D$2:$D$200,$B26,SMIX2DT!$H$2:$H$200,"P2")) -> 0 | G26: =MAX(0.5,MIN(1.5,1+IF($B26="",0,SUMPRODUCT((SMIX2DT!$D$2:$D$200=$B26)*(SMIX2DT!$H$2:$H$200="P2")*SMIX2DT!$I$2:$I$200*0.01)))) -> 1 | H26: =IF($B26="",0,COUNTIFS(SMIX2DT!$D$2:$D$200,$B26,SMIX2DT!$H$2:$H$200,"P3")) -> 0 | I26: =MAX(0.5,MIN(1.5,1+IF($B26="",0,SUMPRODUCT((SMIX2DT!$D$2:$D$200=$B26)*(SMIX2DT!$H$2:$H$200="P3")*SMIX2DT!$I$2:$I$200*0.01)))) -> 1 | J26: =IF($B26="",0,COUNTIFS(SMIX2DT!$D$2:$D$200,$B26,SMIX2DT!$H$2:$H$200,"P4")) -> 0 | K26: =MAX(0.5,MIN(1.5,1+IF($B26="",0,SUMPRODUCT((SMIX2DT!$D$2:$D$200=$B26)*(SMIX2DT!$H$2:$H$200="P4")*SMIX2DT!$I$2:$I$200*0.01)))) -> 1 | L26: =IF($B26="",0,COUNTIFS(SMIX2DT!$D$2:$D$200,$B26,SMIX2DT!$H$2:$H$200,"P5")) -> 0 | M26: =MAX(0.5,MIN(1.5,1+IF($B26="",0,SUMPRODUCT((SMIX2DT!$D$2:$D$200=$B26)*(SMIX2DT!$H$2:$H$200="P5")*SMIX2DT!$I$2:$I$200*0.01)))) -> 1 | N26: =IF($B26="",0,IFERROR(SUMPRODUCT((SMIX2DT!$D$2:$D$200=$B26)*SMIX2DT!$I$2:$I$200),0)) -> 0 | O26: =D26+F26+H26+J26+L26 -> 0
D27: =IF($B27="",0,COUNTIFS(SMIX2DT!$D$2:$D$200,$B27,SMIX2DT!$H$2:$H$200,"P1")) -> 0 | E27: =MAX(0.5,MIN(1.5,1+IF($B27="",0,SUMPRODUCT((SMIX2DT!$D$2:$D$200=$B27)*(SMIX2DT!$H$2:$H$200="P1")*SMIX2DT!$I$2:$I$200*0.01)))) -> 1 | F27: =IF($B27="",0,COUNTIFS(SMIX2DT!$D$2:$D$200,$B27,SMIX2DT!$H$2:$H$200,"P2")) -> 0 | G27: =MAX(0.5,MIN(1.5,1+IF($B27="",0,SUMPRODUCT((SMIX2DT!$D$2:$D$200=$B27)*(SMIX2DT!$H$2:$H$200="P2")*SMIX2DT!$I$2:$I$200*0.01)))) -> 1 | H27: =IF($B27="",0,COUNTIFS(SMIX2DT!$D$2:$D$200,$B27,SMIX2DT!$H$2:$H$200,"P3")) -> 0 | I27: =MAX(0.5,MIN(1.5,1+IF($B27="",0,SUMPRODUCT((SMIX2DT!$D$2:$D$200=$B27)*(SMIX2DT!$H$2:$H$200="P3")*SMIX2DT!$I$2:$I$200*0.01)))) -> 1 | J27: =IF($B27="",0,COUNTIFS(SMIX2DT!$D$2:$D$200,$B27,SMIX2DT!$H$2:$H$200,"P4")) -> 0 | K27: =MAX(0.5,MIN(1.5,1+IF($B27="",0,SUMPRODUCT((SMIX2DT!$D$2:$D$200=$B27)*(SMIX2DT!$H$2:$H$200="P4")*SMIX2DT!$I$2:$I$200*0.01)))) -> 1 | L27: =IF($B27="",0,COUNTIFS(SMIX2DT!$D$2:$D$200,$B27,SMIX2DT!$H$2:$H$200,"P5")) -> 0 | M27: =MAX(0.5,MIN(1.5,1+IF($B27="",0,SUMPRODUCT((SMIX2DT!$D$2:$D$200=$B27)*(SMIX2DT!$H$2:$H$200="P5")*SMIX2DT!$I$2:$I$200*0.01)))) -> 1 | N27: =IF($B27="",0,IFERROR(SUMPRODUCT((SMIX2DT!$D$2:$D$200=$B27)*SMIX2DT!$I$2:$I$200),0)) -> 0 | O27: =D27+F27+H27+J27+L27 -> 0
D28: =IF($B28="",0,COUNTIFS(SMIX2DT!$D$2:$D$200,$B28,SMIX2DT!$H$2:$H$200,"P1")) -> 0 | E28: =MAX(0.5,MIN(1.5,1+IF($B28="",0,SUMPRODUCT((SMIX2DT!$D$2:$D$200=$B28)*(SMIX2DT!$H$2:$H$200="P1")*SMIX2DT!$I$2:$I$200*0.01)))) -> 1 | F28: =IF($B28="",0,COUNTIFS(SMIX2DT!$D$2:$D$200,$B28,SMIX2DT!$H$2:$H$200,"P2")) -> 0 | G28: =MAX(0.5,MIN(1.5,1+IF($B28="",0,SUMPRODUCT((SMIX2DT!$D$2:$D$200=$B28)*(SMIX2DT!$H$2:$H$200="P2")*SMIX2DT!$I$2:$I$200*0.01)))) -> 1 | H28: =IF($B28="",0,COUNTIFS(SMIX2DT!$D$2:$D$200,$B28,SMIX2DT!$H$2:$H$200,"P3")) -> 0 | I28: =MAX(0.5,MIN(1.5,1+IF($B28="",0,SUMPRODUCT((SMIX2DT!$D$2:$D$200=$B28)*(SMIX2DT!$H$2:$H$200="P3")*SMIX2DT!$I$2:$I$200*0.01)))) -> 1 | J28: =IF($B28="",0,COUNTIFS(SMIX2DT!$D$2:$D$200,$B28,SMIX2DT!$H$2:$H$200,"P4")) -> 0 | K28: =MAX(0.5,MIN(1.5,1+IF($B28="",0,SUMPRODUCT((SMIX2DT!$D$2:$D$200=$B28)*(SMIX2DT!$H$2:$H$200="P4")*SMIX2DT!$I$2:$I$200*0.01)))) -> 1 | L28: =IF($B28="",0,COUNTIFS(SMIX2DT!$D$2:$D$200,$B28,SMIX2DT!$H$2:$H$200,"P5")) -> 0 | M28: =MAX(0.5,MIN(1.5,1+IF($B28="",0,SUMPRODUCT((SMIX2DT!$D$2:$D$200=$B28)*(SMIX2DT!$H$2:$H$200="P5")*SMIX2DT!$I$2:$I$200*0.01)))) -> 1 | N28: =IF($B28="",0,IFERROR(SUMPRODUCT((SMIX2DT!$D$2:$D$200=$B28)*SMIX2DT!$I$2:$I$200),0)) -> 0 | O28: =D28+F28+H28+J28+L28 -> 0
D29: =IF($B29="",0,COUNTIFS(SMIX2DT!$D$2:$D$200,$B29,SMIX2DT!$H$2:$H$200,"P1")) -> 0 | E29: =MAX(0.5,MIN(1.5,1+IF($B29="",0,SUMPRODUCT((SMIX2DT!$D$2:$D$200=$B29)*(SMIX2DT!$H$2:$H$200="P1")*SMIX2DT!$I$2:$I$200*0.01)))) -> 1 | F29: =IF($B29="",0,COUNTIFS(SMIX2DT!$D$2:$D$200,$B29,SMIX2DT!$H$2:$H$200,"P2")) -> 0 | G29: =MAX(0.5,MIN(1.5,1+IF($B29="",0,SUMPRODUCT((SMIX2DT!$D$2:$D$200=$B29)*(SMIX2DT!$H$2:$H$200="P2")*SMIX2DT!$I$2:$I$200*0.01)))) -> 1 | H29: =IF($B29="",0,COUNTIFS(SMIX2DT!$D$2:$D$200,$B29,SMIX2DT!$H$2:$H$200,"P3")) -> 0 | I29: =MAX(0.5,MIN(1.5,1+IF($B29="",0,SUMPRODUCT((SMIX2DT!$D$2:$D$200=$B29)*(SMIX2DT!$H$2:$H$200="P3")*SMIX2DT!$I$2:$I$200*0.01)))) -> 1 | J29: =IF($B29="",0,COUNTIFS(SMIX2DT!$D$2:$D$200,$B29,SMIX2DT!$H$2:$H$200,"P4")) -> 0 | K29: =MAX(0.5,MIN(1.5,1+IF($B29="",0,SUMPRODUCT((SMIX2DT!$D$2:$D$200=$B29)*(SMIX2DT!$H$2:$H$200="P4")*SMIX2DT!$I$2:$I$200*0.01)))) -> 1 | L29: =IF($B29="",0,COUNTIFS(SMIX2DT!$D$2:$D$200,$B29,SMIX2DT!$H$2:$H$200,"P5")) -> 0 | M29: =MAX(0.5,MIN(1.5,1+IF($B29="",0,SUMPRODUCT((SMIX2DT!$D$2:$D$200=$B29)*(SMIX2DT!$H$2:$H$200="P5")*SMIX2DT!$I$2:$I$200*0.01)))) -> 1 | N29: =IF($B29="",0,IFERROR(SUMPRODUCT((SMIX2DT!$D$2:$D$200=$B29)*SMIX2DT!$I$2:$I$200),0)) -> 0 | O29: =D29+F29+H29+J29+L29 -> 0
D30: =IF($B30="",0,COUNTIFS(SMIX2DT!$D$2:$D$200,$B30,SMIX2DT!$H$2:$H$200,"P1")) -> 0 | E30: =MAX(0.5,MIN(1.5,1+IF($B30="",0,SUMPRODUCT((SMIX2DT!$D$2:$D$200=$B30)*(SMIX2DT!$H$2:$H$200="P1")*SMIX2DT!$I$2:$I$200*0.01)))) -> 1 | F30: =IF($B30="",0,COUNTIFS(SMIX2DT!$D$2:$D$200,$B30,SMIX2DT!$H$2:$H$200,"P2")) -> 0 | G30: =MAX(0.5,MIN(1.5,1+IF($B30="",0,SUMPRODUCT((SMIX2DT!$D$2:$D$200=$B30)*(SMIX2DT!$H$2:$H$200="P2")*SMIX2DT!$I$2:$I$200*0.01)))) -> 1 | H30: =IF($B30="",0,COUNTIFS(SMIX2DT!$D$2:$D$200,$B30,SMIX2DT!$H$2:$H$200,"P3")) -> 0 | I30: =MAX(0.5,MIN(1.5,1+IF($B30="",0,SUMPRODUCT((SMIX2DT!$D$2:$D$200=$B30)*(SMIX2DT!$H$2:$H$200="P3")*SMIX2DT!$I$2:$I$200*0.01)))) -> 1 | J30: =IF($B30="",0,COUNTIFS(SMIX2DT!$D$2:$D$200,$B30,SMIX2DT!$H$2:$H$200,"P4")) -> 0 | K30: =MAX(0.5,MIN(1.5,1+IF($B30="",0,SUMPRODUCT((SMIX2DT!$D$2:$D$200=$B30)*(SMIX2DT!$H$2:$H$200="P4")*SMIX2DT!$I$2:$I$200*0.01)))) -> 1 | L30: =IF($B30="",0,COUNTIFS(SMIX2DT!$D$2:$D$200,$B30,SMIX2DT!$H$2:$H$200,"P5")) -> 0 | M30: =MAX(0.5,MIN(1.5,1+IF($B30="",0,SUMPRODUCT((SMIX2DT!$D$2:$D$200=$B30)*(SMIX2DT!$H$2:$H$200="P5")*SMIX2DT!$I$2:$I$200*0.01)))) -> 1 | N30: =IF($B30="",0,IFERROR(SUMPRODUCT((SMIX2DT!$D$2:$D$200=$B30)*SMIX2DT!$I$2:$I$200),0)) -> 0 | O30: =D30+F30+H30+J30+L30 -> 0
A31: Recull incidències per alumne | C31: Selector alumne | D31: =IF($B31="",0,COUNTIFS(SMIX2DT!$D$2:$D$200,$B31,SMIX2DT!$H$2:$H$200,"P1")) -> 0 | E31: =MAX(0.5,MIN(1.5,1+IF($B31="",0,SUMPRODUCT((SMIX2DT!$D$2:$D$200=$B31)*(SMIX2DT!$H$2:$H$200="P1")*SMIX2DT!$I$2:$I$200*0.01)))) -> 1 | F31: =IF($B31="",0,COUNTIFS(SMIX2DT!$D$2:$D$200,$B31,SMIX2DT!$H$2:$H$200,"P2")) -> 0 | G31: =MAX(0.5,MIN(1.5,1+IF($B31="",0,SUMPRODUCT((SMIX2DT!$D$2:$D$200=$B31)*(SMIX2DT!$H$2:$H$200="P2")*SMIX2DT!$I$2:$I$200*0.01)))) -> 1 | H31: =IF($B31="",0,COUNTIFS(SMIX2DT!$D$2:$D$200,$B31,SMIX2DT!$H$2:$H$200,"P3")) -> 0 | I31: =MAX(0.5,MIN(1.5,1+IF($B31="",0,SUMPRODUCT((SMIX2DT!$D$2:$D$200=$B31)*(SMIX2DT!$H$2:$H$200="P3")*SMIX2DT!$I$2:$I$200*0.01)))) -> 1 | J31: =IF($B31="",0,COUNTIFS(SMIX2DT!$D$2:$D$200,$B31,SMIX2DT!$H$2:$H$200,"P4")) -> 0 | K31: =MAX(0.5,MIN(1.5,1+IF($B31="",0,SUMPRODUCT((SMIX2DT!$D$2:$D$200=$B31)*(SMIX2DT!$H$2:$H$200="P4")*SMIX2DT!$I$2:$I$200*0.01)))) -> 1 | L31: =IF($B31="",0,COUNTIFS(SMIX2DT!$D$2:$D$200,$B31,SMIX2DT!$H$2:$H$200,"P5")) -> 0 | M31: =MAX(0.5,MIN(1.5,1+IF($B31="",0,SUMPRODUCT((SMIX2DT!$D$2:$D$200=$B31)*(SMIX2DT!$H$2:$H$200="P5")*SMIX2DT!$I$2:$I$200*0.01)))) -> 1 | N31: =IF($B31="",0,IFERROR(SUMPRODUCT((SMIX2DT!$D$2:$D$200=$B31)*SMIX2DT!$I$2:$I$200),0)) -> 0 | O31: =D31+F31+H31+J31+L31 -> 0
A32: Query que llista les observacions de millors a pitjors durant el període de treball | D32: =IF($B32="",0,COUNTIFS(SMIX2DT!$D$2:$D$200,$B32,SMIX2DT!$H$2:$H$200,"P1")) -> 0 | E32: =MAX(0.5,MIN(1.5,1+IF($B32="",0,SUMPRODUCT((SMIX2DT!$D$2:$D$200=$B32)*(SMIX2DT!$H$2:$H$200="P1")*SMIX2DT!$I$2:$I$200*0.01)))) -> 1 | F32: =IF($B32="",0,COUNTIFS(SMIX2DT!$D$2:$D$200,$B32,SMIX2DT!$H$2:$H$200,"P2")) -> 0 | G32: =MAX(0.5,MIN(1.5,1+IF($B32="",0,SUMPRODUCT((SMIX2DT!$D$2:$D$200=$B32)*(SMIX2DT!$H$2:$H$200="P2")*SMIX2DT!$I$2:$I$200*0.01)))) -> 1 | H32: =IF($B32="",0,COUNTIFS(SMIX2DT!$D$2:$D$200,$B32,SMIX2DT!$H$2:$H$200,"P3")) -> 0 | I32: =MAX(0.5,MIN(1.5,1+IF($B32="",0,SUMPRODUCT((SMIX2DT!$D$2:$D$200=$B32)*(SMIX2DT!$H$2:$H$200="P3")*SMIX2DT!$I$2:$I$200*0.01)))) -> 1 | J32: =IF($B32="",0,COUNTIFS(SMIX2DT!$D$2:$D$200,$B32,SMIX2DT!$H$2:$H$200,"P4")) -> 0 | K32: =MAX(0.5,MIN(1.5,1+IF($B32="",0,SUMPRODUCT((SMIX2DT!$D$2:$D$200=$B32)*(SMIX2DT!$H$2:$H$200="P4")*SMIX2DT!$I$2:$I$200*0.01)))) -> 1 | L32: =IF($B32="",0,COUNTIFS(SMIX2DT!$D$2:$D$200,$B32,SMIX2DT!$H$2:$H$200,"P5")) -> 0 | M32: =MAX(0.5,MIN(1.5,1+IF($B32="",0,SUMPRODUCT((SMIX2DT!$D$2:$D$200=$B32)*(SMIX2DT!$H$2:$H$200="P5")*SMIX2DT!$I$2:$I$200*0.01)))) -> 1 | N32: =IF($B32="",0,IFERROR(SUMPRODUCT((SMIX2DT!$D$2:$D$200=$B32)*SMIX2DT!$I$2:$I$200),0)) -> 0 | O32: =D32+F32+H32+J32+L32 -> 0

Sheet Calendari
A1: Projecte | B1: Data_inici | C1: Data_final | D1: Durada en setmanes
A2: P1 | B2: 46279 | C2: 46325 | D2: =WEEKNUM(C2,1)-WEEKNUM(B2,1)+1 -> 7
A3: P2 | B3: 46328 | C3: 46374 | D3: =WEEKNUM(C3,1)-WEEKNUM(B3,1)+1 -> 7
A4: P3 | B4: 46398 | C4: 46437 | D4: =WEEKNUM(C4,1)-WEEKNUM(B4,1)+1 -> 6
A5: P4 | B5: 46440 | C5: 46479 | D5: =WEEKNUM(C5,1)-WEEKNUM(B5,1)+1 -> 6
A6: P5 | B6: 46489 | C6: 46535 | D6: =WEEKNUM(C6,1)-WEEKNUM(B6,1)+1 -> 7

Sheet Rúbriques
A1: Document de clarificació del client (a l’aula) | B1: No fet o té objeccions que la invaliden | C1: No aprovat amb objeccions importants | D1: Aprovada amb objeccions menors | E1: Aprovada sense objeccions | G1: Oferta. Coherència entre els documents (oferta) | H1: No entregats o no tenen coherència. | I1: Coherència baixa. Els documents no es refereixen bé entre ells. | J1: Coherència mitjana. Els documents es refereixen entre ells, però hi ha molt marge de millora. | K1: Coherència alta. Els documents es refereixen entre ells i l’oferta és correcta sense mancances importants
B2: 0 | C2: 1 | D2: 2 | E2: 3 | H2: 0 | I2: 0.67 | J2: 1.33 | K2: 2
A3: Actes de reunió (auditoria interna) | B3: No s’han fet actes de reunió | C3: S’han fet actes de reunió amb contingut insuficient o sense acords clars, no fan la seva funció | D3: S’han fet actes de reunió amb contingut suficient i acords, però tenen mancances de redacció | E3: S’han fet actes de reunió amb contingut correcte i acords clars. | G3: Oferta. Alineació amb les necessitats del client (oferta) | H3: No entregat o no hi ha alineació amb el client. | I3: L’oferta no cobreix correctament les necessitats del client, hi ha mancances importants | J3: L’oferta cobreix aproximadament les necessitats del client, hi ha mancances menors | K3: L’oferta cobreix bé les necessitats del client.
B4: 0 | C4: 0.5 | D4: 1 | E4: 1.5 | H4: 0 | I4: 0.5 | J4: 1 | K4: 46143
A5: Correus electrònics (auditoria interna) | B5: No s’han enviat correus electrònics o s’han enviat fent servir IA per redactar-los. | C5: S’han enviat correus electrònics insuficients o sense seguir normes bàsiques de correcció i contingut | D5: S’han tramès correus electrònics suficients seguint normes bàsiques de correcció i contingut, però amb mancances | E5: S’han tramès tots els correus electrònics que necessitava i compleixen totes les normes de correcció i contingut que es demanen | G5: Proposta tècnica (oferta) | H5: No entregada, no vàlida o presenta un ús excessiu d’IA en la seva redacció | I5: No descriu bé els diferents punts de què consta. Té mancances rellevants. Hi ha un ús moderat de la IA en la seva redacció. | J5: Descriu bastant bé els diferents punts de què consta. Té mancances menors. Han fet un ús raonable de la IA per fer el material | K5: Descriu molt bé els diferents punts. No té mancances remarcables. No han usat IA o han fet un ús mínim d’aquesta.
B6: 0 | C6: 0.5 | D6: 1 | E6: 1.5 | H6: 0 | I6: 0.5 | J6: 1 | K6: 46143
A7: Presentació final. Preparació de la reunió (presentació) | B7: No han preparat la reunió final, no han assajat | C7: Han preparat la presentació, però poc i es nota. | D7: Han preparat bastant la presentació i es nota | E7: Han preparat molt bé la presentació, els ha sortit molt bé. | G7: Pressupost (oferta) | H7: No entregat, no vàlid o presenta un ús excessiu d’IA en la seva redacció | I7: El pressupost no cobreix totes les necessitats del projecte i presenta mancances importants. | J7: El pressupost cobreix la majoria de les necessitats del projecte i presenta mancances menors | K7: El pressupost cobreix totes les necessitats del projecte.
B8: 0 | C8: 0.33 | D8: 0.67 | E8: 1 | H8: 0 | I8: 0.5 | J8: 1 | K8: 46143
A9: Presentació final. Material de presentació (presentació) | B9: No fet o presenta un ús excessiu d’IA en la seva redacció. | C9: Mal feta, no reflecteix el projecte i les necessitats del client | D9: Està bé, però té mancances en l’explicació del projecte | E9: La presentació cobreix tots els aspectes del projecte i les necessitats del client | G9: Calendari (oferta) | H9: No entregat, no vàlid o presenta un ús excessiu d’IA en la seva redacció | I9: Està mal fet, no cobreix les diferents tasques i té mancances importants. | J9: No està malament, manquen algunes tasques i només té mancances menors. | K9: Està ben fet, té totes les tasques i les durades semblen raonables.
B10: 0 | C10: 1 | D10: 2 | E10: 3 | H10: 0 | I10: 0.5 | J10: 1 | K10: 46143
G11: Aprovació pel client (oferta) | H11: No presentada | I11: No aprovada | J11: Aprovada amb objeccions menors | K11: Aprovada sense objeccions
H12: 0 | I12: 0.67 | J12: 1.33 | K12: 2
